mse_train,mse_test,rmse_train,rmse_test,r2_train,r2_test
0.014503948923905479,0.014503948923905479,0.12043234168571779,0.12043234168571779,0.012619913217978396,0.012619913217978396
0.0136433884840107,0.0136433884840107,0.11680491635205557,0.11680491635205557,0.07120397513672949,0.07120397513672949
0.009912469870661276,0.009912469870661276,0.09956138744845451,0.09956138744845451,0.3251923726105995,0.3251923726105995
0.0034625768539063603,0.0034625768539063603,0.058843664517995144,0.058843664517995144,0.7642794074609248,0.7642794074609248
0.0019263553830244611,0.0019263553830244611,0.04389026524212927,0.04389026524212927,0.8688602010912527,0.8688602010912527
0.0017899423223347363,0.0017899423223347363,0.04230770996325299,0.04230770996325299,0.8781467437017291,0.8781467437017291
0.0017930830549680351,0.0017930830549680351,0.04234481142912358,0.04234481142912358,0.8779329331818289,0.8779329331818289
0.0017530688555194485,0.0017530688555194485,0.04186966509920337,0.04186966509920337,0.8806569653699828,0.8806569653699828
0.0017388110157413165,0.0017388110157413165,0.041699052935784006,0.041699052935784006,0.8816275911734323,0.8816275911734323
0.0017167106161670108,0.0017167106161670108,0.04143320668457862,0.04143320668457862,0.8831321120845359,0.8831321120845359
0.0016934048715821516,0.0016934048715821516,0.041151000857599464,0.041151000857599464,0.8847186888321134,0.8847186888321134
0.001677567075796904,0.001677567075796904,0.04095811367478859,0.04095811367478859,0.8857968727294034,0.8857968727294034
0.0016513927688215624,0.0016513927688215624,0.04063733220600932,0.04063733220600932,0.8875787315616678,0.8875787315616678
0.0016522594261204721,0.0016522594261204721,0.04064799412173339,0.04064799412173339,0.8875197324460823,0.8875197324460823
0.0016380113428270972,0.0016380113428270972,0.040472352820500775,0.040472352820500775,0.8884896940608465,0.8884896940608465
0.0016156407038324066,0.0016156407038324066,0.04019503332294186,0.04019503332294186,0.8900126119632629,0.8900126119632629
0.001593996559174216,0.001593996559174216,0.039924886464136826,0.039924886464136826,0.8914860725734077,0.8914860725734077
0.0015976460139211974,0.0015976460139211974,0.039970564343291395,0.039970564343291395,0.8912376299621101,0.8912376299621101
0.0015677640612032804,0.0015677640612032804,0.03959500045716985,0.03959500045716985,0.8932718928530393,0.8932718928530393
0.0015486243342204037,0.0015486243342204037,0.039352564518978984,0.039352564518978984,0.8945748611266099,0.8945748611266099
0.001536959838805203,0.001536959838805203,0.039204079364336605,0.039204079364336605,0.8953689407635249,0.8953689407635249
0.001520095011294563,0.001520095011294563,0.03898839585433803,0.03898839585433803,0.8965170415282466,0.8965170415282466
0.0015089519783093724,0.0015089519783093724,0.0388452310883765,0.0388452310883765,0.8972756217558561,0.8972756217558561
0.001502062729110617,0.001502062729110617,0.038756454031691506,0.038756454031691506,0.8977446186826529,0.8977446186826529
0.0014915024629817378,0.0014915024629817378,0.038619974922075466,0.038619974922075466,0.898463526101693,0.898463526101693
0.001474445364016867,0.001474445364016867,0.038398507314957794,0.038398507314957794,0.8996247160606858,0.8996247160606858
0.00146402949103657,0.00146402949103657,0.038262638317771165,0.038262638317771165,0.9003337936795572,0.9003337936795572
0.0014536838251659155,0.0014536838251659155,0.03812720584000243,0.03812720584000243,0.90103809183441,0.90103809183441
0.001445649420746502,0.001445649420746502,0.03802169671051651,0.03802169671051651,0.9015850470791162,0.9015850470791162
0.0014386674013449057,0.0014386674013449057,0.0379297693289177,0.0379297693289177,0.9020603594894695,0.9020603594894695
0.0014343749074576012,0.0014343749074576012,0.03787314229711605,0.03787314229711605,0.9023525780438229,0.9023525780438229
0.0014256267227673203,0.0014256267227673203,0.03775747240967436,0.03775747240967436,0.9029481250499515,0.9029481250499515
0.001419300154302753,0.001419300154302753,0.03767360023017117,0.03767360023017117,0.9033788165638523,0.9033788165638523
0.0014082007079174164,0.0014082007079174164,0.0375260004252707,0.0375260004252707,0.9041344295622629,0.9041344295622629
0.0013990046389596525,0.0013990046389596525,0.03740327043133598,0.03740327043133598,0.9047604670237299,0.9047604670237299
0.0013909647386173701,0.0013909647386173701,0.037295639672988184,0.037295639672988184,0.9053077964123902,0.9053077964123902
0.0013856803680103243,0.0013856803680103243,0.03722472791049418,0.03722472791049418,0.9056675385995662,0.9056675385995662
0.0013739978771447853,0.0013739978771447853,0.037067477350701726,0.037067477350701726,0.9064628433062474,0.9064628433062474
0.0013639101211765279,0.0013639101211765279,0.03693115380240005,0.03693115380240005,0.9071495838219257,0.9071495838219257
0.001353779222884931,0.001353779222884931,0.03679373890874548,0.03679373890874548,0.9078392613219511,0.9078392613219511
0.0013472265110391073,0.0013472265110391073,0.036704584332738426,0.036704584332738426,0.9082853479170524,0.9082853479170524
0.00133889307925227,0.00133889307925227,0.036590887926535344,0.036590887926535344,0.9088526599397331,0.9088526599397331
0.0013317675048812921,0.0013317675048812921,0.03649338987928214,0.03649338987928214,0.9093377450898326,0.9093377450898326
0.0013217039567271504,0.0013217039567271504,0.03635524661898404,0.03635524661898404,0.910022837618902,0.910022837618902
0.001312445068704971,0.001312445068704971,0.03622768373364451,0.03622768373364451,0.9106531515911042,0.9106531515911042
0.0013060160878941081,0.0013060160878941081,0.036138844584381886,0.036138844584381886,0.911090814993275,0.911090814993275
0.0012994756873184043,0.0012994756873184043,0.03604824111268682,0.03604824111268682,0.9115360634784917,0.9115360634784917
0.0012937848000257085,0.0012937848000257085,0.03596922017539035,0.03596922017539035,0.9119234799550946,0.9119234799550946
0.0012861618016500494,0.0012861618016500494,0.03586309804869135,0.03586309804869135,0.91244242805931,0.91244242805931
0.001276637002115472,0.001276637002115472,0.03573005740431258,0.03573005740431258,0.9130908443933976,0.9130908443933976
