dataset,pair,mean_diff,median_diff,wins,losses,p,p_nb,p_holm,p_nb_holm
algerian,WILCAR-C vs WILCAR,0.0001,0.0,5,4,0.8134,0.9927,1.0,1.0
algerian,RIXM-C vs RIXM,-0.0014,0.0,5,5,0.945,0.9214,1.0,1.0
algerian,ELM-C vs ELM,0.0086,0.0405,17,6,0.1064,0.8935,1.0,1.0
algerian,LR-C vs LR,0.02,0.0,12,3,0.0183,0.3153,1.0,1.0
algerian,XGB-C vs XGB,0.0,0.0,0,0,1.0,1.0,1.0,1.0
algerian,LGBM-C vs LGBM,0.0032,0.0,3,1,0.5234,0.7197,1.0,1.0
algerian,MINMAX vs MLP,0.0429,0.0417,16,3,0.0047,0.2317,0.3727,1.0
algerian,CMNN vs MLP,0.0691,0.0822,20,1,0.0001,0.0434,0.0121,1.0
algerian,LMN vs MLP,0.0264,0.0397,15,3,0.0085,0.3555,0.657,1.0
algerian,CMNN vs WILCAR-C,0.0297,0.0411,15,4,0.0049,0.1524,0.3805,1.0
algerian,LMN vs WILCAR-C,-0.013,0.0,7,10,0.2346,0.5862,1.0,1.0
breast_diagnostic,WILCAR-C vs WILCAR,-0.0569,-0.0186,2,17,0.0003,0.3596,0.0236,1.0
breast_diagnostic,RIXM-C vs RIXM,-0.0179,-0.0179,4,14,0.0048,0.2449,0.3805,1.0
breast_diagnostic,ELM-C vs ELM,-0.7504,-0.8292,1,24,0.0,0.0,0.0012,0.0007
breast_diagnostic,LR-C vs LR,0.0037,0.0,8,3,0.1695,0.6069,1.0,1.0
breast_diagnostic,XGB-C vs XGB,0.0047,0.0,10,5,0.2492,0.7122,1.0,1.0
breast_diagnostic,LGBM-C vs LGBM,0.0053,0.0,10,6,0.3647,0.7026,1.0,1.0
breast_diagnostic,MINMAX vs MLP,-0.0355,-0.0381,4,20,0.0012,0.1956,0.1032,1.0
breast_diagnostic,CMNN vs MLP,-0.0026,0.0,9,10,0.8715,0.8329,1.0,1.0
breast_diagnostic,LMN vs MLP,-0.0198,0.0,8,12,0.08,0.3962,1.0,1.0
breast_diagnostic,CMNN vs WILCAR-C,0.0505,0.0181,16,4,0.0021,0.3991,0.1753,1.0
breast_diagnostic,LMN vs WILCAR-C,0.0333,0.0,12,6,0.1027,0.5895,1.0,1.0
breast_original,WILCAR-C vs WILCAR,0.0045,0.0,12,5,0.0605,0.5303,1.0,1.0
breast_original,RIXM-C vs RIXM,0.0039,0.0,12,5,0.0815,0.5742,1.0,1.0
breast_original,ELM-C vs ELM,-0.0401,-0.0001,9,13,0.2011,0.4688,1.0,1.0
breast_original,LR-C vs LR,0.0,0.0,0,0,1.0,1.0,1.0,1.0
breast_original,XGB-C vs XGB,-0.0028,0.0,6,7,0.6528,0.7968,1.0,1.0
breast_original,LGBM-C vs LGBM,-0.0129,-0.0162,2,15,0.0044,0.3095,0.3545,1.0
breast_original,MINMAX vs MLP,-0.0085,-0.0017,3,13,0.0173,0.4116,1.0,1.0
breast_original,CMNN vs MLP,-0.0064,0.0,4,11,0.0693,0.421,1.0,1.0
breast_original,LMN vs MLP,-0.0014,0.0,7,10,0.6461,0.8892,1.0,1.0
breast_original,CMNN vs WILCAR-C,-0.0081,0.0,7,11,0.0686,0.3182,1.0,1.0
breast_original,LMN vs WILCAR-C,-0.0031,0.0,6,11,0.1562,0.7113,1.0,1.0
compas,WILCAR-C vs WILCAR,0.0033,0.0,12,3,0.0262,0.4528,1.0,1.0
compas,RIXM-C vs RIXM,0.0023,0.0,12,4,0.0514,0.5011,1.0,1.0
compas,ELM-C vs ELM,-0.0012,-0.0016,11,14,0.7712,0.9496,1.0,1.0
compas,LR-C vs LR,-0.0014,0.0,0,3,0.2905,0.6834,1.0,1.0
compas,XGB-C vs XGB,-0.0003,0.0017,13,12,0.9368,0.9459,1.0,1.0
compas,LGBM-C vs LGBM,0.0012,0.0004,14,10,0.8296,0.8421,1.0,1.0
compas,MINMAX vs MLP,0.0033,0.0032,15,10,0.3525,0.6956,1.0,1.0
compas,CMNN vs MLP,0.0101,0.0116,19,6,0.001,0.1606,0.0863,1.0
compas,LMN vs MLP,0.0019,-0.0001,11,14,0.6338,0.7817,1.0,1.0
compas,CMNN vs WILCAR-C,0.0029,0.0025,16,9,0.1336,0.6086,1.0,1.0
compas,LMN vs WILCAR-C,-0.0053,-0.0044,9,16,0.0451,0.3716,1.0,1.0
heart_disease,WILCAR-C vs WILCAR,0.0002,0.0,4,5,0.8567,0.9923,1.0,1.0
heart_disease,RIXM-C vs RIXM,0.0004,0.0,4,5,0.8567,0.9794,1.0,1.0
heart_disease,ELM-C vs ELM,-0.0376,-0.0004,10,13,0.3603,0.6404,1.0,1.0
heart_disease,LR-C vs LR,0.0015,0.0,1,0,0.7055,0.7136,1.0,1.0
heart_disease,XGB-C vs XGB,-0.0077,0.0,5,7,0.4768,0.7339,1.0,1.0
heart_disease,LGBM-C vs LGBM,-0.0001,0.0,9,10,0.9892,0.998,1.0,1.0
heart_disease,MINMAX vs MLP,-0.0409,-0.044,8,16,0.0479,0.4054,1.0,1.0
heart_disease,CMNN vs MLP,0.025,0.0441,17,6,0.0274,0.3677,1.0,1.0
heart_disease,LMN vs MLP,-0.0372,-0.0116,8,13,0.0652,0.4497,1.0,1.0
heart_disease,CMNN vs WILCAR-C,0.0118,0.0,12,10,0.4757,0.7324,1.0,1.0
heart_disease,LMN vs WILCAR-C,-0.0504,-0.0403,6,15,0.0148,0.2856,1.0,1.0
heart_failure,WILCAR-C vs WILCAR,-0.0056,-0.0022,8,14,0.3129,0.8121,1.0,1.0
heart_failure,RIXM-C vs RIXM,-0.0105,-0.0118,7,15,0.0926,0.6367,1.0,1.0
heart_failure,ELM-C vs ELM,-0.0194,0.002,13,11,0.9571,0.87,1.0,1.0
heart_failure,LR-C vs LR,0.0214,0.0,8,3,0.1695,0.6146,1.0,1.0
heart_failure,XGB-C vs XGB,-0.0128,-0.0068,7,13,0.1183,0.6254,1.0,1.0
heart_failure,LGBM-C vs LGBM,0.0178,0.0326,15,7,0.1284,0.5441,1.0,1.0
heart_failure,MINMAX vs MLP,-0.0177,-0.0326,9,14,0.3327,0.7143,1.0,1.0
heart_failure,CMNN vs MLP,0.0058,0.0,12,9,0.5358,0.866,1.0,1.0
heart_failure,LMN vs MLP,-0.0109,-0.0061,6,13,0.2053,0.7071,1.0,1.0
heart_failure,CMNN vs WILCAR-C,0.0058,0.0,12,11,0.657,0.8998,1.0,1.0
heart_failure,LMN vs WILCAR-C,-0.0109,-0.0093,9,14,0.3603,0.7515,1.0,1.0
loan,WILCAR-C vs WILCAR,0.0015,-0.0005,5,5,1.0,0.7733,1.0,1.0
loan,RIXM-C vs RIXM,-0.0042,-0.0018,4,6,0.2754,0.3632,1.0,1.0
loan,ELM-C vs ELM,0.0018,-0.0005,5,5,0.9219,0.8396,1.0,1.0
loan,LR-C vs LR,0.0007,0.0,2,0,0.5,0.5763,1.0,1.0
loan,XGB-C vs XGB,0.0014,0.0021,7,3,0.4316,0.6659,1.0,1.0
loan,LGBM-C vs LGBM,0.0039,0.0053,8,2,0.0371,0.2436,1.0,1.0
loan,MINMAX vs MLP,-0.0031,0.0035,6,4,0.5566,0.6623,1.0,1.0
loan,CMNN vs MLP,0.002,0.0031,7,3,0.375,0.6152,1.0,1.0
loan,LMN vs MLP,-0.0,-0.0038,4,6,1.0,0.9951,1.0,1.0
loan,CMNN vs WILCAR-C,0.0014,0.0014,6,4,0.5566,0.698,1.0,1.0
loan,LMN vs WILCAR-C,-0.0007,-0.0006,4,6,0.7695,0.8381,1.0,1.0
pima,WILCAR-C vs WILCAR,0.0014,0.0,9,9,0.8082,0.9171,1.0,1.0
pima,RIXM-C vs RIXM,-0.003,0.0,7,11,0.45,0.8053,1.0,1.0
pima,ELM-C vs ELM,-0.0448,-0.0243,10,15,0.1014,0.4584,1.0,1.0
pima,LR-C vs LR,0.0,0.0,1,1,0.9881,0.9798,1.0,1.0
pima,XGB-C vs XGB,0.0132,0.0035,13,9,0.1658,0.5572,1.0,1.0
pima,LGBM-C vs LGBM,-0.0095,-0.0038,11,14,0.5077,0.7892,1.0,1.0
pima,MINMAX vs MLP,0.0277,0.0195,19,6,0.0115,0.3355,0.8705,1.0
pima,CMNN vs MLP,0.039,0.0295,18,6,0.0008,0.1389,0.0654,1.0
pima,LMN vs MLP,0.021,0.0195,18,7,0.0318,0.384,1.0,1.0
pima,CMNN vs WILCAR-C,-0.0047,-0.0064,11,14,0.5249,0.8101,1.0,1.0
pima,LMN vs WILCAR-C,-0.0228,-0.0177,6,18,0.0192,0.3707,1.0,1.0
