dataset,label,mcc,acc,f1,auc,brier,viol_test,viol_domain,vars_violated_domain,certified,scr_legacy,n_star,time_s,mcc_std,acc_std,f1_std,auc_std,brier_std,viol_test_std,viol_domain_std,vars_violated_domain_std,certified_std,scr_legacy_std,n_star_std,time_s_std
algerian,RIXM,0.9073,0.954,0.9592,0.9931,0.0452,0.1422,0.1422,0.1422,0.08,0.8578,1.12,1.5416,0.0691,0.0341,0.0301,0.0074,0.0133,0.0682,0.0682,0.0682,0.2769,0.0682,0.4397,0.1184
algerian,RIXM (DCV),0.8975,0.9491,0.9547,0.9923,0.0456,0.1244,0.1244,0.1244,0.08,0.8756,145.2,184.9579,0.0702,0.0345,0.0305,0.0081,0.0139,0.0584,0.0584,0.0584,0.2769,0.0584,31.233,62.6418
algerian,RIXM-C,0.9059,0.9532,0.9584,0.9925,0.0459,0.0,0.0,0.0,1.0,1.0,1.0,1.7739,0.0632,0.031,0.0272,0.0086,0.0145,0.0,0.0,0.0,0.0,0.0,0.0,0.4827
algerian,RIXM-C (DCV),0.901,0.9507,0.9561,0.9918,0.0463,0.0,0.0,0.0,1.0,1.0,37.68,57.9796,0.0626,0.0307,0.0271,0.0094,0.0151,0.0,0.0,0.0,0.0,0.0,8.2952,15.2286
breast_diagnostic,RIXM,0.9537,0.9782,0.9702,0.994,0.0224,0.1777,0.1778,0.1778,0.0,0.8222,2.04,4.8054,0.0295,0.0139,0.019,0.0069,0.0074,0.0185,0.0185,0.0185,0.0,0.0185,4.596,1.7208
breast_diagnostic,RIXM (DCV),0.9523,0.9775,0.9692,0.9941,0.0233,0.1701,0.1704,0.1704,0.0,0.8296,95.0,250.6486,0.029,0.0137,0.0187,0.0069,0.0074,0.0214,0.0214,0.0214,0.0,0.0214,47.1611,167.5146
breast_diagnostic,RIXM-C,0.9358,0.9698,0.9589,0.9927,0.0265,0.0,0.0,0.0,1.0,1.0,1.52,80.9694,0.0388,0.0181,0.0246,0.0075,0.0087,0.0,0.0,0.0,0.0,0.0,1.2288,23.2728
breast_diagnostic,RIXM-C (DCV),0.9367,0.9701,0.9593,0.9927,0.0271,0.0,0.0,0.0,1.0,1.0,25.16,2209.8723,0.0398,0.0186,0.0253,0.0074,0.0084,0.0,0.0,0.0,0.0,0.0,12.4488,1015.5229
breast_original,RIXM,0.9309,0.9684,0.9549,0.9956,0.0231,0.0089,0.0089,0.0089,0.92,0.9911,2.0,2.0938,0.0289,0.0133,0.0188,0.0031,0.0099,0.0308,0.0308,0.0308,0.2769,0.0308,5.0,0.8613
breast_original,RIXM (DCV),0.9282,0.9672,0.9531,0.9955,0.0232,0.0,0.0,0.0,1.0,1.0,19.64,25.4179,0.031,0.0141,0.0201,0.003,0.0093,0.0,0.0,0.0,0.0,0.0,28.5232,44.4839
breast_original,RIXM-C,0.9348,0.9699,0.9575,0.9956,0.0231,0.0,0.0,0.0,1.0,1.0,1.72,5.4548,0.0295,0.0139,0.0191,0.003,0.0091,0.0,0.0,0.0,0.0,0.0,2.5087,2.1319
breast_original,RIXM-C (DCV),0.9356,0.9704,0.9581,0.9957,0.0227,0.0,0.0,0.0,1.0,1.0,20.2,95.9806,0.0284,0.0131,0.0184,0.0028,0.0086,0.0,0.0,0.0,0.0,0.0,11.6548,46.4631
heart_failure,RIXM,0.5634,0.8148,0.6744,0.8545,0.1417,0.1543,0.1543,0.1543,0.28,0.8457,2.52,4.9062,0.1077,0.0462,0.0803,0.0505,0.0218,0.1161,0.1161,0.1161,0.4583,0.1161,5.0425,1.8287
heart_failure,RIXM (DCV),0.5675,0.8168,0.6761,0.8557,0.14,0.1771,0.1771,0.1771,0.24,0.8229,127.84,273.4936,0.1228,0.0517,0.0955,0.0509,0.0228,0.1256,0.1256,0.1256,0.4359,0.1256,43.2673,139.5761
heart_failure,RIXM-C,0.5529,0.8115,0.671,0.8557,0.1409,0.0,0.0,0.0,1.0,1.0,1.28,5.4567,0.0989,0.0408,0.0804,0.0467,0.0209,0.0,0.0,0.0,0.0,0.0,0.7371,1.3158
heart_failure,RIXM-C (DCV),0.5602,0.8141,0.6761,0.8583,0.1393,0.0,0.0,0.0,1.0,1.0,35.08,164.5979,0.1003,0.0417,0.0792,0.0467,0.0215,0.0,0.0,0.0,0.0,0.0,12.5596,56.1847
pima,RIXM,0.4733,0.7682,0.6316,0.8283,0.1592,0.0632,0.0735,0.2267,0.28,0.94,3.44,7.2209,0.0728,0.0304,0.0525,0.0349,0.0144,0.0756,0.068,0.1792,0.4583,0.0816,5.2764,1.7353
pima,RIXM (DCV),0.4721,0.7679,0.6294,0.8287,0.159,0.0491,0.0642,0.2267,0.24,0.9533,7.52,34.0525,0.0714,0.03,0.0507,0.0343,0.0144,0.0686,0.0627,0.1512,0.4359,0.0764,25.1083,40.0937
pima,RIXM-C,0.4703,0.7672,0.6281,0.828,0.1594,0.0032,0.0204,0.1667,0.52,1.0,2.68,4.9381,0.0722,0.0301,0.0532,0.0354,0.0145,0.0053,0.0253,0.1925,0.5099,0.0,3.3131,1.7635
pima,RIXM-C (DCV),0.4724,0.7682,0.6288,0.8286,0.159,0.0047,0.0287,0.1867,0.32,1.0,3.2,16.1346,0.0693,0.0289,0.0507,0.0348,0.0144,0.0057,0.0229,0.1469,0.4761,0.0,3.9476,7.0163
