64;4;0.1;0.352431;;;;
64;4;0.2;0.506302;;;;
64;4;0.3;0.638516;;;;
64;4;0.4;0.767051;;;;
64;4;0.5;0.807812;;;;
64;4;0.6;0.841771;;;;
64;4;0.7;0.85033;;;;
64;4;0.8;0.865625;;;;
64;4;0.9;0.888828;;;;
64;4;1;0.882552;;;;
64;6;0.1;0.370026;;;;
64;6;0.2;0.53691;;;;
64;6;0.3;0.65737;;;;
64;6;0.4;0.772778;;;;
64;6;0.5;0.852561;;;;
64;6;0.6;0.910729;;;;
64;6;0.7;0.916259;;;;
64;6;0.8;0.924583;;;;
64;6;0.9;0.931484;;;;
64;6;1;0.931076;;;;
64;8;0.1;0.346441;;;;
64;8;0.2;0.518889;;;;
64;8;0.3;0.683047;;;;
64;8;0.4;0.809028;;;;
64;8;0.5;0.888976;;;;
64;8;0.6;0.933802;;;;
64;8;0.7;0.940807;;;;
64;8;0.8;0.951667;;;;
64;8;0.9;0.955781;;;;
64;8;1;0.960156;;;;
64;10;0.1;0.359453;;;;
64;10;0.2;0.52724;;;;
64;10;0.3;0.677891;;;;
64;10;0.4;0.817049;;;;
64;10;0.5;0.883964;;;;
64;10;0.6;0.794956;;;;
64;10;0.7;0.697823;;;;
64;10;0.8;0.972709;;;;
64;10;0.9;0.972031;;;;
64;10;1;0.973524;;;;
64;4;0.1;0.297951;;;;
64;4;0.2;0.357118;;;;
64;4;0.3;0.479036;;;;
64;4;0.4;0.543299;;;;
64;4;0.5;0.636632;;;;
64;4;0.6;0.649635;;;;
64;4;0.7;0.633707;;;;
64;4;0.8;0.672917;;;;
64;4;0.9;0.681484;;;;
64;4;1;0.655035;;;;
64;6;0.1;0.310929;;;;
64;6;0.2;0.393715;;;;
64;6;0.3;0.500182;;;;
64;6;0.4;0.620903;;;;
64;6;0.5;0.678125;;;;
64;6;0.6;0.721146;;;;
64;6;0.7;0.728741;;;;
64;6;0.8;0.728264;;;;
64;6;0.9;0.725547;;;;
64;6;1;0.738628;;;;
64;8;0.1;0.265434;;;;
64;8;0.2;0.407031;;;;
64;8;0.3;0.548307;;;;
64;8;0.4;0.638264;;;;
64;8;0.5;0.71276;;;;
64;8;0.6;0.757448;;;;
64;8;0.7;0.75645;;;;
64;8;0.8;0.76625;;;;
64;8;0.9;0.785234;;;;
64;8;1;0.784288;;;;
64;10;0.1;0.308611;;;;
64;10;0.2;0.40151;;;;
64;10;0.3;0.559245;;;;
64;10;0.4;0.664514;;;;
64;10;0.5;0.742057;;;;
64;10;0.6;0.776667;;;;
64;10;0.7;0.774557;;;;
64;10;0.8;0.820486;;;;
64;10;0.9;0.846172;;;;
64;10;1;0.849566;;;;
64;4;0.1;0.2023;;;;
64;4;0.2;0.384201;;;;
64;4;0.3;0.549167;;;;
64;4;0.4;0.693715;;;;
64;4;0.5;0.816536;;;;
64;4;0.6;0.895417;;;;
64;4;0.7;0.936189;;;;
64;4;0.8;0.956806;;;;
64;4;0.9;0.967266;;;;
64;4;1;0.971528;;;;
64;6;0.1;0.209783;;;;
64;6;0.2;0.400017;;;;
64;6;0.3;0.573151;;;;
64;6;0.4;0.739653;;;;
64;6;0.5;0.875431;;;;
64;6;0.6;0.944792;;;;
64;6;0.7;0.96645;;;;
64;6;0.8;0.974028;;;;
64;6;0.9;0.975781;;;;
64;6;1;0.976563;;;;
64;8;0.1;0.212621;;;;
64;8;0.2;0.405694;;;;
64;8;0.3;0.583672;;;;
64;8;0.4;0.753958;;;;
64;8;0.5;0.898741;;;;
64;8;0.6;0.817017;;;;
64;8;0.7;0.714026;;;;
64;8;0.8;0.631147;;;;
64;8;0.9;0.561694;;;;
64;8;1;0.507582;;;;
64;10;0.1;0.21375;;;;
64;10;0.2;0.404392;;;;
64;10;0.3;0.588906;;;;
64;10;0.4;0.761146;;;;
64;10;0.5;0.915278;;;;
64;10;0.6;0.967448;;;;
64;10;0.7;0.975929;;;;
64;10;0.8;0.978125;;;;
64;10;0.9;0.979688;;;;
64;10;1;0.979774;;;;
64;4;0.1;0.469149;;;;
64;4;0.2;0.594844;;;;
64;4;0.3;0.713385;;;;
64;4;0.4;0.8075;;;;
64;4;0.5;0.869141;;;;
64;4;0.6;0.901146;;;;
64;4;0.7;0.92033;;;;
64;4;0.8;0.921806;;;;
64;4;0.9;0.923828;;;;
64;4;1;0.933333;;;;
64;6;0.1;0.407578;;;;
64;6;0.2;0.558073;;;;
64;6;0.3;0.701823;;;;
64;6;0.4;0.82066;;;;
64;6;0.5;0.901259;;;;
64;6;0.6;0.938385;;;;
64;6;0.7;0.952474;;;;
64;6;0.8;0.95875;;;;
64;6;0.9;0.956406;;;;
64;6;1;0.964583;;;;
64;8;0.1;0.385946;;;;
64;8;0.2;0.549549;;;;
64;8;0.3;0.700755;;;;
64;8;0.4;0.945997;;;;
64;8;0.5;0.924262;;;;
64;8;0.6;0.954688;;;;
64;8;0.7;0.967908;;;;
64;8;0.8;0.975486;;;;
64;8;0.9;0.978594;;;;
64;8;1;0.980382;;;;
64;10;0.1;0.438524;;;;
64;10;0.2;0.56026;;;;
64;10;0.3;0.670156;;;;
64;10;0.4;0.732153;;;;
64;10;0.5;0.794358;;;;
64;10;0.6;0.837708;;;;
64;10;0.7;0.854826;;;;
64;10;0.8;0.837014;;;;
64;10;0.9;0.864141;;;;
64;10;1;0.858073;;;;
64;4;0.1;0.392665;;;;
64;4;0.2;0.570139;;;;
64;4;0.3;0.663828;;;;
64;4;0.4;0.843573;;;;
64;4;0.5;0.863238;;;;
64;4;0.6;0.894688;;;;
64;4;0.7;0.888915;;;;
64;4;0.8;0.890695;;;;
64;4;0.9;0.905625;;;;
64;4;1;0.90599;;;;
64;6;0.1;0.408776;;;;
64;6;0.2;0.552934;;;;
64;6;0.3;0.676302;;;;
64;6;0.4;0.799896;;;;
64;6;0.5;0.882118;;;;
64;6;0.6;0.914948;;;;
64;6;0.7;0.934853;;;;
64;6;0.8;0.933472;;;;
64;6;0.9;0.933203;;;;
64;6;1;0.936372;;;;
64;8;0.1;0.402378;;;;
64;8;0.2;0.54651;;;;
64;8;0.3;0.678776;;;;
64;8;0.4;0.905039;;;;
64;8;0.5;0.909071;;;;
64;8;0.6;0.938854;;;;
64;8;0.7;0.947917;;;;
64;8;0.8;0.950903;;;;
64;8;0.9;0.950547;;;;
64;8;1;0.952865;;;;
64;10;0.1;0.325694;;;;
64;10;0.2;0.371337;;;;
64;10;0.3;0.428255;;;;
64;10;0.4;0.495729;;;;
64;10;0.5;0.489323;;;;
64;10;0.6;0.560521;;;;
64;10;0.7;0.506832;;;;
64;10;0.8;0.524236;;;;
64;10;0.9;0.522734;;;;
64;10;1;0.509462;;;;
64;4;0.1;0.335625;;;;
64;4;0.2;0.400469;;;;
64;4;0.3;0.426172;;;;
64;4;0.4;0.516215;;;;
64;4;0.5;0.589583;;;;
64;4;0.6;0.584635;;;;
64;4;0.7;0.603385;;;;
64;4;0.8;0.559028;;;;
64;4;0.9;0.571719;;;;
64;4;1;0.545833;;;;
64;6;0.1;0.393082;;;;
64;6;0.2;0.416753;;;;
64;6;0.3;0.517943;;;;
64;6;0.4;0.526667;;;;
64;6;0.5;0.617231;;;;
64;6;0.6;0.578646;;;;
64;6;0.7;0.567231;;;;
64;6;0.8;0.564792;;;;
64;6;0.9;0.604687;;;;
64;6;1;0.611024;;;;
64;8;0.1;0.382066;;;;
64;8;0.2;0.435399;;;;
64;8;0.3;0.49987;;;;
64;8;0.4;0.577292;;;;
64;8;0.5;0.557726;;;;
64;8;0.6;0.631094;;;;
64;8;0.7;0.631884;;;;
64;8;0.8;0.683056;;;;
64;8;0.9;0.640625;;;;
64;8;1;0.636458;;;;
64;10;0.1;0.137726;;;;
64;10;0.2;0.252205;;;;
64;10;0.3;0.347969;;;;
64;10;0.4;0.439653;;;;
64;10;0.5;0.522092;;;;
64;10;0.6;0.555313;;;;
64;10;0.7;0.570269;;;;
64;10;0.8;0.57632;;;;
64;10;0.9;0.5825;;;;
64;10;1;0.587587;;;;
64;4;0.1;0.151797;;;;
64;4;0.2;0.274809;;;;
64;4;0.3;0.375703;;;;
64;4;0.4;0.445208;;;;
64;4;0.5;0.563368;;;;
64;4;0.6;0.572552;;;;
64;4;0.7;0.584792;;;;
64;4;0.8;0.591875;;;;
64;4;0.9;0.602969;;;;
64;4;1;0.611111;;;;
64;6;0.1;0.164679;;;;
64;6;0.2;0.287014;;;;
64;6;0.3;0.385208;;;;
64;6;0.4;0.47691;;;;
64;6;0.5;0.566536;;;;
64;6;0.6;0.585833;;;;
64;6;0.7;0.604358;;;;
64;6;0.8;0.612639;;;;
64;6;0.9;0.612188;;;;
64;6;1;0.622222;;;;
64;8;0.1;0.170156;;;;
64;8;0.2;0.299306;;;;
64;8;0.3;0.39862;;;;
64;8;0.4;0.502083;;;;
64;8;0.5;0.571736;;;;
64;8;0.6;0.595417;;;;
64;8;0.7;0.606241;;;;
64;8;0.8;0.621597;;;;
64;8;0.9;0.629453;;;;
64;8;1;0.647483;;;;
64;10;0.1;0.444939;;;;
64;10;0.2;0.542031;;;;
64;10;0.3;0.667812;;;;
64;10;0.4;0.732431;;;;
64;10;0.5;0.803776;;;;
64;10;0.6;0.827969;;;;
64;10;0.7;0.824323;;;;
64;10;0.8;0.854861;;;;
64;10;0.9;0.859922;;;;
64;10;1;0.872309;;;;
64;4;0.1;0.421649;;;;
64;4;0.2;0.533646;;;;
64;4;0.3;0.686354;;;;
64;4;0.4;0.780104;;;;
64;4;0.5;0.853733;;;;
64;4;0.6;0.902344;;;;
64;4;0.7;0.912431;;;;
64;4;0.8;0.926181;;;;
64;4;0.9;0.929844;;;;
64;4;1;0.935243;;;;
64;6;0.1;0.392778;;;;
64;6;0.2;0.55316;;;;
64;6;0.3;0.678542;;;;
64;6;0.4;0.816181;;;;
64;6;0.5;0.899957;;;;
64;6;0.6;0.935104;;;;
64;6;0.7;0.939957;;;;
64;6;0.8;0.953681;;;;
64;6;0.9;0.957344;;;;
64;6;1;0.95651;;;;
64;8;0.1;0.394523;;;;
64;8;0.2;0.550712;;;;
64;8;0.3;0.695234;;;;
64;8;0.4;0.822292;;;;
64;8;0.5;0.915582;;;;
64;8;0.6;0.955;;;;
64;8;0.7;0.969549;;;;
64;8;0.8;0.973681;;;;
64;8;0.9;0.974687;;;;
64;8;1;0.978386;;;;
64;10;0.1;0.607049;;;;
64;10;0.2;0.684306;;;;
64;10;0.3;0.779792;;;;
64;10;0.4;0.795;;;;
64;10;0.5;0.827951;;;;
64;10;0.6;0.857292;;;;
64;10;0.7;0.878403;;;;
64;10;0.8;0.899167;;;;
64;10;0.9;0.909375;;;;
64;10;1;0.876389;;;;
16;4;0.1;0.515521;;;;
16;4;0.2;0.664167;;;;
16;4;0.3;0.762292;;;;
16;4;0.4;0.829028;;;;
16;4;0.5;0.867535;;;;
16;4;0.6;0.892083;;;;
16;4;0.7;0.918021;;;;
16;4;0.8;0.920833;;;;
16;4;0.9;0.90375;;;;
16;4;1;0.901736;;;;
16;6;0.1;0.484097;;;;
16;6;0.2;0.631389;;;;
16;6;0.3;0.741562;;;;
16;6;0.4;0.834861;;;;
16;6;0.5;0.90191;;;;
16;6;0.6;0.907083;;;;
16;6;0.7;0.927986;;;;
16;6;0.8;0.932778;;;;
16;6;0.9;0.945937;;;;
16;6;1;0.945486;;;;
16;8;0.1;0.479271;;;;
16;8;0.2;0.601667;;;;
16;8;0.3;0.724479;;;;
16;8;0.4;0.828333;;;;
16;8;0.5;0.923437;;;;
16;8;0.6;0.937083;;;;
16;8;0.7;0.955694;;;;
16;8;0.8;0.959167;;;;
16;8;0.9;0.955625;;;;
16;8;1;0.954514;;;;
16;10;0.1;0.458889;;;;
16;10;0.2;0.653055;;;;
16;10;0.3;0.602188;;;;
16;10;0.4;0.7125;;;;
16;10;0.5;0.728646;;;;
16;10;0.6;0.797917;;;;
16;10;0.7;0.795035;;;;
16;10;0.8;0.798333;;;;
16;10;0.9;0.770938;;;;
16;10;1;0.735069;;;;
16;4;0.1;0.503472;;;;
16;4;0.2;0.575347;;;;
16;4;0.3;0.758229;;;;
16;4;0.4;0.771528;;;;
16;4;0.5;0.800521;;;;
16;4;0.6;0.786875;;;;
16;4;0.7;0.867951;;;;
16;4;0.8;0.835833;;;;
16;4;0.9;0.806562;;;;
16;4;1;0.830556;;;;
16;6;0.1;0.46625;;;;
16;6;0.2;0.626042;;;;
16;6;0.3;0.669583;;;;
16;6;0.4;0.792361;;;;
16;6;0.5;0.826563;;;;
16;6;0.6;0.895833;;;;
16;6;0.7;0.818854;;;;
16;6;0.8;0.872222;;;;
16;6;0.9;0.867813;;;;
16;6;1;0.862847;;;;
16;8;0.1;0.495833;;;;
16;8;0.2;0.591667;;;;
16;8;0.3;0.696979;;;;
16;8;0.4;0.7575;;;;
16;8;0.5;0.859722;;;;
16;8;0.6;0.815833;;;;
16;8;0.7;0.892743;;;;
16;8;0.8;0.890556;;;;
16;8;0.9;0.87875;;;;
16;8;1;0.921875;;;;
16;10;0.1;0.238472;;;;
16;10;0.2;0.405417;;;;
16;10;0.3;0.556979;;;;
16;10;0.4;0.701389;;;;
16;10;0.5;0.801562;;;;
16;10;0.6;0.863125;;;;
16;10;0.7;0.900278;;;;
16;10;0.8;0.913611;;;;
16;10;0.9;0.922188;;;;
16;10;1;0.929167;;;;
16;4;0.1;0.244687;;;;
16;4;0.2;0.424653;;;;
16;4;0.3;0.587396;;;;
16;4;0.4;0.739306;;;;
16;4;0.5;0.854861;;;;
16;4;0.6;0.900833;;;;
16;4;0.7;0.922882;;;;
16;4;0.8;0.931389;;;;
16;4;0.9;0.935625;;;;
16;4;1;0.936458;;;;
16;6;0.1;0.241944;;;;
16;6;0.2;0.430347;;;;
16;6;0.3;0.599896;;;;
16;6;0.4;0.770833;;;;
16;6;0.5;0.874132;;;;
16;6;0.6;0.922083;;;;
16;6;0.7;0.932361;;;;
16;6;0.8;0.935833;;;;
16;6;0.9;0.939687;;;;
16;6;1;0.940625;;;;
16;8;0.1;0.246562;;;;
16;8;0.2;0.422361;;;;
16;8;0.3;0.601042;;;;
16;8;0.4;0.755694;;;;
16;8;0.5;0.888194;;;;
16;8;0.6;0.927708;;;;
16;8;0.7;0.939653;;;;
16;8;0.8;0.943056;;;;
16;8;0.9;0.94375;;;;
16;8;1;0.944097;;;;
16;10;0.1;0.64684;;;;
16;10;0.2;0.702569;;;;
16;10;0.3;0.768854;;;;
16;10;0.4;0.785833;;;;
16;10;0.5;0.832118;;;;
16;10;0.6;0.844583;;;;
16;10;0.7;0.839028;;;;
16;10;0.8;0.860556;;;;
16;10;0.9;0.860937;;;;
16;10;1;0.865972;;;;
16;4;0.1;0.588333;;;;
16;4;0.2;0.662917;;;;
16;4;0.3;0.76625;;;;
16;4;0.4;0.83375;;;;
16;4;0.5;0.895833;;;;
16;4;0.6;0.895417;;;;
16;4;0.7;0.929931;;;;
16;4;0.8;0.931944;;;;
16;4;0.9;0.918437;;;;
16;4;1;0.929167;;;;
16;6;0.1;0.498715;;;;
16;6;0.2;0.639167;;;;
16;6;0.3;0.720729;;;;
16;6;0.4;0.859583;;;;
16;6;0.5;0.919097;;;;
16;6;0.6;0.944792;;;;
16;6;0.7;0.965174;;;;
16;6;0.8;0.9625;;;;
16;6;0.9;0.96375;;;;
16;6;1;0.961111;;;;
16;8;0.1;0.46934;;;;
16;8;0.2;0.638125;;;;
16;8;0.3;0.748021;;;;
16;8;0.4;0.86;;;;
16;8;0.5;0.944792;;;;
16;8;0.6;0.968958;;;;
16;8;0.7;0.964201;;;;
16;8;0.8;0.982778;;;;
16;8;0.9;0.990312;;;;
16;8;1;0.965972;;;;
16;10;0.1;0.669375;;;;
16;10;0.2;0.63875;;;;
16;10;0.3;0.779375;;;;
16;10;0.4;0.784306;;;;
16;10;0.5;0.838368;;;;
16;10;0.6;0.853958;;;;
16;10;0.7;0.910729;;;;
16;10;0.8;0.869167;;;;
16;10;0.9;0.9;;;;
16;10;1;0.853819;;;;
16;4;0.1;0.617708;;;;
16;4;0.2;0.639236;;;;
16;4;0.3;0.786042;;;;
16;4;0.4;0.806806;;;;
16;4;0.5;0.851389;;;;
16;4;0.6;0.89375;;;;
16;4;0.7;0.889097;;;;
16;4;0.8;0.831111;;;;
16;4;0.9;0.890938;;;;
16;4;1;0.916667;;;;
16;6;0.1;0.559549;;;;
16;6;0.2;0.667986;;;;
16;6;0.3;0.753542;;;;
16;6;0.4;0.837778;;;;
16;6;0.5;0.873785;;;;
16;6;0.6;0.916042;;;;
16;6;0.7;0.921424;;;;
16;6;0.8;0.911111;;;;
16;6;0.9;0.906563;;;;
16;6;1;0.905556;;;;
16;8;0.1;0.547396;;;;
16;8;0.2;0.626042;;;;
16;8;0.3;0.71125;;;;
16;8;0.4;0.830139;;;;
16;8;0.5;0.899479;;;;
16;8;0.6;0.926458;;;;
16;8;0.7;0.909271;;;;
16;8;0.8;0.930278;;;;
16;8;0.9;0.936562;;;;
16;8;1;0.940972;;;;
16;10;0.1;0.476319;;;;
16;10;0.2;0.619861;;;;
16;10;0.3;0.651146;;;;
16;10;0.4;0.819167;;;;
16;10;0.5;0.789063;;;;
16;10;0.6;0.709583;;;;
16;10;0.7;0.705833;;;;
16;10;0.8;0.749167;;;;
16;10;0.9;0.677188;;;;
16;10;1;0.723958;;;;
16;4;0.1;0.555486;;;;
16;4;0.2;0.727222;;;;
16;4;0.3;0.710833;;;;
16;4;0.4;0.744583;;;;
16;4;0.5;0.826389;;;;
16;4;0.6;0.779375;;;;
16;4;0.7;0.72941;;;;
16;4;0.8;0.757778;;;;
16;4;0.9;0.799062;;;;
16;4;1;0.863194;;;;
16;6;0.1;0.549826;;;;
16;6;0.2;0.675208;;;;
16;6;0.3;0.730521;;;;
16;6;0.4;0.775556;;;;
16;6;0.5;0.842535;;;;
16;6;0.6;0.868958;;;;
16;6;0.7;0.875;;;;
16;6;0.8;0.774444;;;;
16;6;0.9;0.78375;;;;
16;6;1;0.798264;;;;
16;8;0.1;0.498819;;;;
16;8;0.2;0.641042;;;;
16;8;0.3;0.604583;;;;
16;8;0.4;0.772083;;;;
16;8;0.5;0.819271;;;;
16;8;0.6;0.823125;;;;
16;8;0.7;0.829792;;;;
16;8;0.8;0.756389;;;;
16;8;0.9;0.904687;;;;
16;8;1;0.828472;;;;
16;10;0.1;0.136979;;;;
16;10;0.2;0.229861;;;;
16;10;0.3;0.323437;;;;
16;10;0.4;0.406389;;;;
16;10;0.5;0.510938;;;;
16;10;0.6;0.597708;;;;
16;10;0.7;0.614201;;;;
16;10;0.8;0.623889;;;;
16;10;0.9;0.631563;;;;
16;10;1;0.634028;;;;
16;4;0.1;0.149965;;;;
16;4;0.2;0.239375;;;;
16;4;0.3;0.356563;;;;
16;4;0.4;0.434167;;;;
16;4;0.5;0.501215;;;;
16;4;0.6;0.622708;;;;
16;4;0.7;0.628785;;;;
16;4;0.8;0.637778;;;;
16;4;0.9;0.646562;;;;
16;4;1;0.647222;;;;
16;6;0.1;0.153542;;;;
16;6;0.2;0.254306;;;;
16;6;0.3;0.370625;;;;
16;6;0.4;0.4425;;;;
16;6;0.5;0.546181;;;;
16;6;0.6;0.621875;;;;
16;6;0.7;0.637049;;;;
16;6;0.8;0.649722;;;;
16;6;0.9;0.649375;;;;
16;6;1;0.657639;;;;
16;8;0.1;0.161979;;;;
16;8;0.2;0.287083;;;;
16;8;0.3;0.354271;;;;
16;8;0.4;0.476667;;;;
16;8;0.5;0.546354;;;;
16;8;0.6;0.622292;;;;
16;8;0.7;0.646285;;;;
16;8;0.8;0.650833;;;;
16;8;0.9;0.658125;;;;
16;8;1;0.669444;;;;
16;10;0.1;0.608993;;;;
16;10;0.2;0.680347;;;;
16;10;0.3;0.784479;;;;
16;10;0.4;0.852083;;;;
16;10;0.5;0.79375;;;;
16;10;0.6;0.86;;;;
16;10;0.7;0.872326;;;;
16;10;0.8;0.856944;;;;
16;10;0.9;0.941562;;;;
16;10;1;0.869792;;;;
16;4;0.1;0.713958;;;;
16;4;0.2;0.740208;;;;
16;4;0.3;0.798229;;;;
16;4;0.4;0.85125;;;;
16;4;0.5;0.907639;;;;
16;4;0.6;0.937083;;;;
16;4;0.7;0.914618;;;;
16;4;0.8;0.953333;;;;
16;4;0.9;0.933125;;;;
16;4;1;0.939583;;;;
16;6;0.1;0.566181;;;;
16;6;0.2;0.704028;;;;
16;6;0.3;0.808437;;;;
16;6;0.4;0.865694;;;;
16;6;0.5;0.918403;;;;
16;6;0.6;0.941667;;;;
16;6;0.7;0.938194;;;;
16;6;0.8;0.966667;;;;
16;6;0.9;0.964062;;;;
16;6;1;0.963194;;;;
16;8;0.1;0.556563;;;;
16;8;0.2;0.672708;;;;
16;8;0.3;0.785104;;;;
16;8;0.4;0.881111;;;;
16;8;0.5;0.941146;;;;
16;8;0.6;0.961042;;;;
16;8;0.7;0.981944;;;;
16;8;0.8;0.9625;;;;
16;8;0.9;0.979375;;;;
16;8;1;0.980903;;;;
16;10;;;;;;
16;10;;;;;;
16;10;;;;;;
16;10;;;;;;
16;10;;;;;;
16;10;;;;;;
16;10;;;;;;
16;10;;;;;;
16;10;;;;;;
16;10;;;;;;
