mse_train,mse_test,r2_test
0.021564092203522314,0.022305351819143247,0.20962946117136794
0.016919993223514493,0.017613201162664256,0.3758916960240646
0.01538755023646382,0.01597282147590122,0.4340171085897492
0.014825255363643791,0.015155703526816625,0.46297096499789003
0.014689529218426202,0.014924488556080638,0.47116386428446444
0.014611223806476876,0.014819689295521096,0.47487733398038734
0.01454437982382907,0.014796782697781211,0.4756890091400172
0.01449180454998835,0.014746457068652248,0.4774722535799193
0.014451080763450034,0.014559644728247334,0.4840917846836139
0.01442740823196957,0.014588425996681597,0.4830719457308368
0.014409193495076085,0.014595796066786593,0.4828107937737943
0.014395806123316826,0.014523311736405559,0.4853792123185636
0.014380869670096481,0.014566947406877933,0.4838330206842403
0.014369988951131693,0.01459706386019276,0.4827658706286371
0.014365590380115483,0.014631591934963706,0.48154239864385506
0.014359702993897596,0.014696296330398565,0.47924965525656893
0.014358385438173752,0.014613642932976855,0.4821784057549201
0.014358748522303554,0.014645051665601943,0.48106546491766733
0.014352194146006223,0.01464495495064374,0.481068891927214
0.014349694887102924,0.014616843917419681,0.48206498168434864
0.014346074346883285,0.014640313300544706,0.48123336471919576
0.014342862261702258,0.014674286988361226,0.48002953694892525
0.014340374725153437,0.01466281739781667,0.4804359518099123
0.014334691426934562,0.014706496621348111,0.4788882169112172
0.01433109162157776,0.014720327211043582,0.478398142120263
0.014327516585228172,0.014709681984868012,0.47877534635432106
0.014325330453332771,0.014689242344523323,0.47949960704671823
0.014322772421460251,0.014713235739166901,0.4786494221939289
0.014320111287798361,0.014729345083236976,0.4780786017443759
0.014317626258499689,0.014736147792109945,0.4778375537339693
0.014313216311362082,0.014766860526005976,0.47674927500000774
0.01431087833862927,0.014755081693737907,0.47716664756969285
0.014307066132550832,0.01475594399002776,0.47713609285848413
0.014304419884783636,0.014754471230267966,0.47718827880624914
0.014301471033995322,0.014747175185806916,0.4774468077296552
0.014298601398623142,0.014759120784200188,0.47702352594888475
0.014295884323453923,0.014768873407155117,0.47667795032549265
0.014293284328554312,0.014759873271826594,0.4769968622111609
0.01429243907223205,0.014750529806242706,0.4773279397026948
0.014288514747237295,0.014762468338549982,0.47690490830247156
0.01428357866165143,0.014762383220298552,0.4769079243929054
0.014282685594479073,0.01474189118734991,0.47763404157117884
0.0142743884504296,0.01475368664444618,0.477216079915317
0.014267531597842194,0.014756409914571491,0.4771195832317512
0.014261981113031506,0.014775453878759124,0.4764447770974003
0.014256536575720147,0.014776319978849067,0.4764140876018784
0.014250476963718174,0.014760649299544253,0.47696936435099146
0.014245105345612206,0.014768380433655097,0.47669541840821994
0.01424031527928902,0.01475807488324996,0.47706058652987415
0.014234211527317638,0.014758948980599547,0.4770296136584852
0.014228535222168555,0.014758538575546029,0.47704415600087535
0.014226742471299658,0.01471751257580424,0.478497876246349
0.014221635004968609,0.014724971131077708,0.47823358889512624
0.014216247054666217,0.014729955299496169,0.4780569792675152
0.01421078478977316,0.014732879486788536,0.47795336326070914
0.014204940543131482,0.01472635234250899,0.4781846468819255
0.014200358469074328,0.014722299983581332,0.4783282386591433
0.014194803161708498,0.014719877887221039,0.47841406351503
0.01418952409788112,0.014713669254000078,0.4786340609768064
0.01418394053906243,0.014719186013029854,0.4784385794689465
0.014178727193021217,0.014710816671725207,0.47873513972274706
0.014173978933337343,0.014679389455328156,0.479848735516215
0.014169960862629465,0.014690860756767687,0.4794422600311681
0.014166158446080997,0.014725808967677624,0.4782039008915343
0.014161284461688085,0.014712920849149916,0.47866058004494216
0.014156666805865824,0.014708873357642961,0.4788039993493851
0.014152509152745834,0.014686285198746953,0.47960439090843965
0.014148758994066835,0.014683644941110444,0.4796979461174198
0.014145362732380757,0.014674102328961878,0.4800360801924546
0.01414180970382225,0.01467513946103798,0.47999933032881337
0.014138478723613455,0.01466774439444062,0.48026136801459474
0.014135165166837667,0.014658091339360909,0.4806034155378329
0.014132090502136797,0.01465015503503443,0.4808846315068832
0.014129715472230152,0.014650548664051426,0.48087068360860374
0.01412703914952927,0.014661227023410394,0.48049230532931064
0.014123495370909404,0.014666559192558564,0.4803033646016801
0.014120310792848503,0.014659420041564676,0.48055633414296195
0.014116354309615784,0.014610490846371914,0.48229009717357973
0.014113937871045177,0.014622372384339723,0.48186908531768646
0.01411096746378986,0.014627245378464108,0.4816964150534814
0.014107731783334411,0.01462087684970662,0.48192207827307165
0.014104432310292124,0.014620949111666226,0.48191951773403985
0.014101179143022726,0.014617656757555613,0.48203617940849
0.01409793232323343,0.014614551922044786,0.48214619652615587
0.014094654502336485,0.014611263268129103,0.48226272708745055
0.014091609648134832,0.014607916529108504,0.4823813158433903
0.014088408383455936,0.014598999809660972,0.48269727196062495
0.014085222299732766,0.014609172615780468,0.482336807516071
0.014081758972116573,0.014604853669565215,0.48248984557953667
0.014077982045000794,0.014605276984169345,0.48247484579856603
0.014074364768978087,0.014599384449430155,0.48268364258844154
0.01407067327739862,0.014594506951871467,0.4828564724278833
0.014067707636386408,0.014586344646646248,0.4831456965401614
0.014063830999538257,0.014586151822705869,0.4831525290870269
0.014059762380567503,0.014586402161794626,0.48314365854142527
0.01405518744576851,0.014583129947306853,0.4832596065860396
0.014052321854241219,0.014588352973385408,0.4830745332471613
0.014047645952127335,0.014587748736176923,0.4830959438616149
0.014043260558955745,0.014582573692220746,0.48327931699615545
0.014039050049512626,0.014575719893131535,0.4835221753434743
0.014034572313036717,0.01457453181650414,0.4835642737946343
0.01402990391168578,0.01457599988951082,0.4835122539178469
0.014025063450148626,0.01457408815134815,0.48357999467952506
0.014020340629215245,0.014571699097930333,0.4836646486877847
0.014015310794301957,0.014568846635807537,0.4837657231762421
0.014010560357927684,0.014567292242091263,0.48382080175151165
0.014005508233745858,0.014564721013602335,0.4839119109733129
0.014000836798798754,0.014558172164024882,0.4841439637026851
0.013996320064792334,0.0145555794000935,0.48423583601396336
0.013991103682788568,0.014552901819077296,0.48433071374410164
0.013985767874243603,0.014552205963225026,0.4843553707846794
0.01397972282224197,0.014546235612083519,0.48456692493038267
0.013973871324245173,0.014546639994430765,0.48455259599729616
0.013968138932522618,0.014540491803208056,0.48477045174998346
0.013963095815494934,0.01454151075583309,0.48473434605921384
0.01395704147927247,0.014543635191942642,0.4846590685327159
0.013950725254578977,0.014549713665733878,0.4844436831559422
0.013943940339273628,0.014549632965721898,0.48444654268994414
0.013937290289581709,0.014549662019458903,0.484445513196307
0.0139303647276688,0.014546785748686309,0.484547431323346
0.013923444374014052,0.01454463375123834,0.4846236854616488
0.013916543538505901,0.01454369855700868,0.48465682324728865
0.013909347665481601,0.014543207100859155,0.4846742375640347
0.013902523531076112,0.014526147318962051,0.48527873594270377
0.013895119502900864,0.014529456393673203,0.4851614817884683
0.01388737592729808,0.014525267224745342,0.4853099213078089
0.013879420643066732,0.014534989959380188,0.4849654047507719
0.013871246988451902,0.014531357937116178,0.48509410226772287
0.013863034213592234,0.0145326160694059,0.4850495214557363
0.013855029294614686,0.014533434614048307,0.48502051704570415
0.013846512205762457,0.014534020532476127,0.48499975554114405
0.01383732063819358,0.01453663388670083,0.4849071536309175
0.013828657159426536,0.014535412981120942,0.48495041534715755
0.013819778067534698,0.01453252603613879,0.4850527117054313
0.013810474867192698,0.014527144269076671,0.4852434098915539
0.013802513097747358,0.014512614834095336,0.48575824765103803
0.013792672409850321,0.014514034239900758,0.4857079522537565
0.013783226141575535,0.014514474137028402,0.4856923648856386
0.01377396593018833,0.014520932058291781,0.48546353412116394
0.01376383732747755,0.014516295477282755,0.485627827294396
0.013753799187860459,0.014514536564019796,0.485690152840062
0.013743575572136436,0.014513715619034081,0.48571924230414976
0.013733388873912308,0.014514287732852136,0.4856989699538048
0.013722831678954512,0.014511752009077332,0.48578882109726407
0.01371229420566978,0.014511558345931378,0.4857956833806416
0.013701496802435967,0.01451289247419237,0.48574840971820143
0.01369067276023909,0.014511678016993322,0.4857914429417336
0.013679569177981969,0.0145065825795743,0.4859719952885916
0.013668439615750608,0.014502069331554448,0.48613191826574254
0.013657285017679405,0.014500142628287279,0.48620018930274667
0.013645899085657255,0.01449982815731576,0.48621133230525215
0.013634805597719506,0.01450075178128334,0.4861786045016807
0.01362319085016847,0.014496432635557631,0.48633164963462394
0.013611549757896727,0.014494633109905222,0.4863954142446181
0.013600056049183878,0.014492460280905723,0.4864724065306417
0.013588247577863151,0.014489603068246797,0.4865736493501719
0.013576502982885616,0.01448725954511108,0.48665669003289924
0.013563490779173798,0.014482791550387881,0.4868150094992538
0.013551625714555149,0.01448035305743329,0.4869014153540494
0.01353977698345425,0.014478553563876699,0.4869651788267565
0.013527850642967203,0.014473822686329577,0.4871328133149443
0.013515404302345919,0.014478323242174093,0.48697334007387194
0.0135037699454083,0.014474681575547444,0.4871023793303372
0.013491504226070638,0.014480303387490137,0.48690317536483296
0.013479353779669698,0.014476843369005097,0.48702577807904035
0.013467420111802013,0.014472900576012191,0.4871654874836514
0.013455160112681318,0.01447358288279295,0.4871413105425152
0.013443260765063893,0.014476066620510894,0.48705330147929315
0.013431635832991456,0.014463772786208756,0.48748892269345
0.013420053162580702,0.014456187953192678,0.48775768458550395
0.013408275266039835,0.014447974266589853,0.4880487293517414
0.013396951686256335,0.01443843611917211,0.48838670522296335
0.013385229779300822,0.014438780711393462,0.48837449490044194
0.013373168061890903,0.014441231367991138,0.4882876580376435
0.013361009476263997,0.014443612781308072,0.4882032747496443
0.013349525785157811,0.014441935482818212,0.4882627083475519
0.013337860518910291,0.014440763847110993,0.4883042242291544
0.013325928258459836,0.0144463078151455,0.48810777859412435
0.01331453697488688,0.014439693875311122,0.4883421377395466
0.013302993945723495,0.014436642942197429,0.4884502448731417
0.013291531413834125,0.014435278153935048,0.4884986049457858
0.013279376115920566,0.014442032807178755,0.4882592597443688
0.013268035860316434,0.014440180652005485,0.4883248892351817
0.013256644146708157,0.014435337859735827,0.4884964893232072
0.013245233912136958,0.01443187599954811,0.4886191572965304
0.013233924685528673,0.01442829932163869,0.4887458937349155
0.01322208545327317,0.014433954288845734,0.48854551494175724
0.01321098717808367,0.014429689195587465,0.48869664477302033
0.013199740481975293,0.014426117197763851,0.48882321537667806
0.013188712720113148,0.014424137561306857,0.48889336205474365
0.013177688989617286,0.01442163655327126,0.4889819830764939
0.013167261144918192,0.014419149022986749,0.48907012652597914
0.013156439764062949,0.014413114197342102,0.48928396526903817
0.013145609481355486,0.014411101865009502,0.48935527049672145
0.013134807531242692,0.014410597371340646,0.4893731467865071
0.013123930898243341,0.014411362903740595,0.48934602081869705
0.013113279997216806,0.014410508572828043,0.4893762932837613
0.013102268327570181,0.014404604926347648,0.48958548380842093
0.013091173662769027,0.01439984454948363,0.4897541635789777
0.013080700609754078,0.01440061369482596,0.48972690958972953
0.01307002777941772,0.014399358451976488,0.4897713880169403
0.01306020710287076,0.014399553313129535,0.4897644832832343
0.013049730192919535,0.014396670315276732,0.48986663977844835
0.013039247832305055,0.01439630226744208,0.48987968123001335
0.013029098798857648,0.014392662116352112,0.4900086667847683
0.013018622363992288,0.014391834067470155,0.4900380079691762
0.013008230411873465,0.014391685275703328,0.49004328027466926
0.012997946889490877,0.014391849174169366,0.49003747267656605
0.012987831539672335,0.014392274961303455,0.49002238528366926
0.012977696220425062,0.014391588806541204,0.490046698574648
0.01296767039321644,0.014392153683515149,0.49002668265551386
0.012957427023395082,0.014393362593625015,0.4899838459882119
0.012947588112178594,0.01439198216623078,0.49003276021974884
0.012937534616429923,0.014389470853334892,0.49012174638516703
0.012927618388656005,0.01439367835583046,0.48997265723196703
0.01291783869360554,0.014391689282350743,0.49004313830263935
0.012908129500455822,0.014386537338811078,0.49022569289422235
0.012898505585308046,0.014386945771997674,0.49021122042320364
0.012889022053570575,0.014385702465097927,0.49025527591052565
0.012879532750040215,0.014387905354636538,0.49017721845571705
0.01287012407066705,0.014389725840220807,0.49011271114895794
0.012860675082306735,0.014387605310114548,0.49018785026966205
0.01285143853464733,0.014386908438318472,0.49021254330931563
0.01284216891272911,0.014383225458073605,0.49034304647753435
0.012833003141837624,0.014381125166684534,0.49041746845708156
0.012824256793412696,0.014375260689113906,0.49062527106584686
0.012815351680091965,0.014371411707250857,0.4907616563555166
0.01280628085013049,0.014371419139370305,0.49076139300489563
0.012797310189508105,0.014370024470454785,0.4908108118722233
0.012788433344079569,0.014368859164304281,0.4908521034715463
0.012779669142569727,0.014373622686462239,0.49068331225026296
0.012770974488155042,0.014369832034443824,0.4908176306731509
0.012763235783686978,0.014370163196223331,0.4908058962465329
0.01275462667998456,0.01435925707380027,0.49119234510983434
0.012746070467510723,0.014357433263101354,0.49125697023910875
0.012737714441324674,0.014355792113355038,0.4913151229380579
0.012729365329970597,0.01435702877142153,0.49127130304629896
0.012721084745038736,0.014354544030343504,0.4913593476627037
0.012712863511825778,0.014353442547259378,0.4913983777477601
0.012704809622412777,0.014351563925320221,0.4914649450651619
0.012696820347469835,0.014351891123298023,0.49145335109237387
0.012688919246369742,0.014349667956253191,0.4915321270627947
0.012681286117420016,0.014350046352984758,0.4915187189071626
0.01267355215668492,0.014349795377107028,0.4915276120168217
0.012665713295897631,0.014347626190191122,0.491604475248814
0.012658128587521597,0.01434202806264931,0.4918028399783878
0.012650554482229927,0.014340552674449994,0.4918551190625974
0.012642933149460233,0.014337815267270012,0.4919521166802713
0.012635399657621308,0.014333779194153046,0.4920951313840999
0.012628070524385932,0.014332490502627715,0.4921407950357436
