mse_train,mse_test,r2_train,r2_test
0.018574522241203057,0.02303119823991354,0.16835537955361957,0.1301985189157474
0.019545416582486427,0.02345867017886957,0.12488513329560069,0.11405451625671303
0.020727702397699374,0.024769396511900247,0.07195017080860722,0.06455332687480542
0.02019604635929447,0.02391795043898448,0.09575422232205455,0.09670923329230341
0.021532667086361947,0.025586238459363763,0.03590916020912449,0.03370428774473466
0.01976368049462823,0.024052199284732602,0.11511271460223271,0.09163916079111667
0.01877463620387022,0.02255303430887631,0.15939559591196106,0.14825696689942514
0.01969138118078189,0.023689769158448847,0.11834980111468651,0.1053267795310241
0.019860384214961512,0.023664383003530243,0.1107829596966704,0.106285518842684
0.017845884098292183,0.021676835433780135,0.2009789907526025,0.18134769328474365
0.01568040762527379,0.018853332266070645,0.2979347474661762,0.287980757337125
0.016983433225919553,0.02054136467894724,0.23959385357889562,0.22423014056314516
0.015390422978442961,0.019285267092525257,0.3109183477126439,0.27166820825181526
0.017172882009649063,0.020916827719321587,0.2311115863209383,0.2100503178197486
0.014760333191319322,0.01752023135064779,0.3391296133944707,0.3383269502963815
0.015738936399107423,0.019400241228860866,0.29531421492875853,0.2673260688186273
0.015840541327209696,0.019171934060946395,0.29076501625921447,0.2759483693487843
0.014460134222362874,0.017551125405418255,0.35257054362967066,0.3371601983837744
0.01333472648417013,0.016590181614776052,0.4029588808974024,0.37345142056129854
0.013235829288514607,0.016396487826827625,0.4073868451635142,0.3807665042959517
0.015128007287241504,0.01854861697056999,0.3226675919233136,0.2994887046256067
0.015285042537480694,0.01898984100851867,0.315636588951287,0.2828253370621838
0.015183755557412916,0.01815667252170454,0.3201715520044831,0.31429096799786627
0.014435541298519294,0.017773973164579262,0.35367165258687394,0.3287440791286923
0.015326187169201085,0.018962216288544494,0.3137944036618797,0.2838686185318572
0.013431801885863456,0.01647998620819213,0.39861248455150655,0.377613085397706
0.01410720633351299,0.017423584984318154,0.3683723271886804,0.3419769189909866
0.011680164159072262,0.014389125505963926,0.47703927117568135,0.4565770071439581
0.01252070680378276,0.015637706476432426,0.43940531431521235,0.40942281368627587
0.012939848369610166,0.016026056435457285,0.42063891893236893,0.3947563006364494
0.015376322804471917,0.019194411193662116,0.3115496605226372,0.2750994928325474
0.013878301168868531,0.01686808158140006,0.3786211909977679,0.3629561870938568
0.01202812393185711,0.014816398246526415,0.46145992709293837,0.4404405274568476
0.012351698552115205,0.01534132997917257,0.4469723893379326,0.42061583602014785
0.014804178274709394,0.018451711005818907,0.3371665196868172,0.3031484773733535
0.012597034476291114,0.01568408279748619,0.4359878644659798,0.4076713549771108
0.013847743637855202,0.01689869573423861,0.3799893557317704,0.36180000602139484
0.011655357994053995,0.014237176537682784,0.4781499276665161,0.46231554650623574
0.014784643997257162,0.018507410168503043,0.33804113581672324,0.3010449301026842
0.01256109082562413,0.015583491624431373,0.43759718412051674,0.4114703041414428
0.013131138048513041,0.016836936944768545,0.4120742285279181,0.36413240253813084
0.012764925007867346,0.01593278679373498,0.4284708335783949,0.3982787431800452
0.011353000959666296,0.014349401232548381,0.49168748184084976,0.4580772431061477
0.013723138545475036,0.016901328856844016,0.3855683500882614,0.3617005629130422
0.011780907369623795,0.014721382640783735,0.4725286545356566,0.4440289084755076
0.012360462568706434,0.015313837152332508,0.4465799944673162,0.42165413638366245
0.012178929911101023,0.014894878364426854,0.45470782979855207,0.4374766294401492
0.013685582219874298,0.01731114378610701,0.3872498746919093,0.34622339890575915
0.011348370412664387,0.01424413578774304,0.49189480720049317,0.4620527218825843
0.01205735851996659,0.014790682668398853,0.4601509950183206,0.441411707840486
0.012952536352058928,0.01594324154533302,0.42007083474636364,0.39788390664876205
0.011744052436316939,0.015049767510436265,0.4741787754175584,0.43162705065577733
0.012322938771519801,0.015378504344899086,0.4482600626630817,0.41921190045281576
0.011443075750218551,0.014326037413947617,0.48765452669789333,0.45895960640357747
0.01140476150614293,0.014016360861296099,0.48936998589292335,0.4706549216601912
0.011621312364611124,0.014429570370051627,0.47967426644671185,0.45504955719023543
0.0114343238218404,0.014480842045247917,0.48804638033804126,0.45311321942096916
0.01240270777735085,0.015522109491191921,0.4446885326007586,0.41378847577314093
0.011441552413247468,0.01407606206623736,0.48772273168215496,0.4684002323496529
0.011583230910034515,0.014555042505824104,0.4813793028630542,0.45031094791802795
0.010949113594999931,0.013505320864125599,0.5097708946861048,0.48995497464926496
0.010931692246608659,0.013583814267830521,0.5105509077858974,0.4869905748778469
0.011305044507117347,0.014203441217213437,0.4938346555479375,0.463589602306695
0.011247260905761206,0.014327732293055336,0.4964218241756857,0.4588955972129659
0.011147684654286501,0.013929613475501168,0.5008801920834995,0.47393104320014035
0.011710112959784108,0.014577055334403873,0.4756983613704441,0.449479606417595
0.010317476254521125,0.012846804073506598,0.5380514496021831,0.5148246698267663
0.011084773965251017,0.013842229225906885,0.5036969178881007,0.47723121668346447
0.010891312108093108,0.013720881373825143,0.5123588641108705,0.48181406731796483
0.010557251075725547,0.013184769488777722,0.5273159142498489,0.502060990937987
0.010552708266065209,0.01317490512089217,0.527519311309901,0.5024335309034476
0.011566717380302304,0.014173240027504398,0.4821186698297,0.4647301873195018
0.010620078007348033,0.013399476341577538,0.5245029385498823,0.49395232300769343
0.010601890756652878,0.012984241343441756,0.5253172437042719,0.509634182571153
0.011105578813245254,0.014051070002391242,0.5027654139878157,0.4693440883280636
0.010994695615175196,0.013972032037080083,0.5077300324030499,0.4723290541371977
0.010452276476474788,0.013096516685711492,0.5320159845728827,0.5053939664096587
0.0103867217450786,0.012654312497107868,0.5349510931588528,0.5220943505660732
0.010522064697508412,0.013408617683962419,0.5288913282377448,0.4936070889880545
0.011249368942893865,0.013928123955062297,0.49632744017386254,0.47398729676846707
0.010852075909086099,0.013319680211944893,0.5141156023681032,0.4969659218233635
0.01008287040605475,0.012784248001453839,0.548555552440937,0.5171871766992054
0.010680111598783805,0.013496820565332513,0.5218150302034225,0.4902759988705351
0.011105424874758038,0.013846211799929136,0.5027723063381604,0.47708080988539003
0.010383597983922273,0.012770690005062727,0.5350909545844917,0.5176992110805121
0.010427000237038953,0.013000265824379766,0.5331476878963359,0.509028998372385
0.010536834314803706,0.013172163626911615,0.5282300421701851,0.5025370667898496
0.01027929813794076,0.01270642849023457,0.5397608139056376,0.5201261260934436
0.010044212222942973,0.01259229146542608,0.5502864109579773,0.5244366509819371
0.01038906650013101,0.013055786105657784,0.5348461104895663,0.5069322067776627
0.010134386283645975,0.01245467816311163,0.5462490111522851,0.5296337863165012
0.011022628016790763,0.013737799535528393,0.506479403652653,0.48117513216776464
0.010398325116263176,0.013003824794858293,0.5344315707130324,0.5088945894822738
0.01066432387982469,0.01340969331643536,0.5225219001498451,0.4935664664069659
0.01038314195775824,0.012835487978418445,0.5351113724289551,0.5152520360525803
0.01052109246484865,0.01297043899095354,0.528934858405079,0.5101554453605067
0.010231652865535408,0.01288460793313482,0.5418940550179026,0.5133969606492932
0.010646360420884233,0.013322671024465261,0.5233261853852038,0.49685297011617213
0.010714875817964875,0.01343875270527268,0.5202585177133288,0.4924690029060743
0.010125457544212095,0.012496341485237213,0.5466487812255677,0.5280603197988573
0.0101153688614173,0.012424099568419764,0.547100485913566,0.5307886244918926
0.010061184648762943,0.01262683781572328,0.5495264976506087,0.5231319656441813
0.010767905878666814,0.013714834160938905,0.5178841812899195,0.482042447737867
0.009918128204626266,0.012297271946335389,0.5559316218654617,0.5355784253690439
0.00981585896275017,0.012362658700859433,0.5605105641251296,0.5331090142973375
0.010298152376084373,0.012847174518725241,0.538916645451605,0.5148106795082219
0.010195938965384241,0.012784678084732295,0.5434930879593793,0.5171709340761038
0.009836622718322339,0.011897340502011168,0.55958090007253,0.550682327431878
0.009818053186896021,0.011908942759377532,0.5604123212371965,0.5502441539362544
0.009866628553315627,0.012075255003072008,0.5582374366482694,0.5439631678416097
0.009889335187559278,0.012069126571151906,0.557220783300638,0.544194615598053
0.010021758800187682,0.012356746862434773,0.5512917271649063,0.5333322821344746
0.009921968691415237,0.012350543256500415,0.5557596701922791,0.533566568929871
0.010017755393878908,0.012411668100541196,0.5514709732998495,0.5312581141406808
0.0101418437540076,0.012683463785448214,0.5459151148061048,0.5209934163676082
0.009803071776158372,0.01196414393348961,0.5610830900184806,0.5481594138154791
0.010056186130148461,0.012495606652896627,0.549750298352557,0.5280880716444856
0.01014305878088248,0.012572306678375946,0.5458607139148695,0.5251914010038112
0.009956601149930598,0.012275380499108113,0.5542090570759297,0.536405182753658
0.00975472461318249,0.011976808928593423,0.563247757162034,0.547681104724286
0.009912134312738683,0.012366292713660448,0.5561999888188139,0.5329717713417745
0.009716752970586136,0.01214615607322382,0.564947876922031,0.5412855018693014
0.009731963079575797,0.012008940576556396,0.5642668685411212,0.5464676135851478
0.010067388021736704,0.01267760763936959,0.5492487515155933,0.5212145809149137
0.010003698093620079,0.012629301188974698,0.552100366507731,0.5230389333286143
0.009695795895123855,0.012023546126272587,0.5658861965645052,0.5459160170662494
0.009787466265100127,0.012157689530925293,0.5617818018966314,0.5408499266775001
0.010082373458729648,0.012373808408379088,0.5485778024651475,0.5326879319023519
0.0098308984632294,0.01234867426181691,0.5598371944682773,0.5336371538089952
0.009560713038680647,0.011771342908483133,0.5719343161024776,0.5554407812614235
0.009600766509005574,0.011815515342666172,0.5701409858249407,0.5537725550460406
0.009583151915038191,0.011999782349432659,0.5709296511873168,0.546813485277682
0.00965582411036868,0.012196219999208687,0.5676758695008859,0.539394776231976
0.009726955788541002,0.012158094017926576,0.5644910620142033,0.540834650729235
0.009665582799548907,0.012065877045359637,0.567238939750879,0.5443173379296267
0.010038913768058605,0.012723283677262002,0.5505236408282287,0.519489569259201
0.009750049515952977,0.011903873972271462,0.5634570771870931,0.5504355829051788
0.009907140665130815,0.012244221902714712,0.5564235714292068,0.5375819254054807
0.009776562973152544,0.012194909656016877,0.5622699794107345,0.5394442629515591
0.009745430476459588,0.012093313903427574,0.5636638873163887,0.5432811512955144
0.0099759544523475,0.012390660309739683,0.5533425438147064,0.5320514991553518
0.009639762543836734,0.011980597939796627,0.5683950005357936,0.5475380080637449
0.00994613336539329,0.012442938446516501,0.5546777354400565,0.5300771511286826
0.009741730072101865,0.012037395929584702,0.5638295670220421,0.5453929622382672
0.009668225842266715,0.012027873147787336,0.5671206017269271,0.5457526017856806
0.009486129935055316,0.011675498225283179,0.5752736556612961,0.5590604734082651
0.00953677393252399,0.011965657471819945,0.5730061514151144,0.5481022531819901
0.009985657354239785,0.012378318493244708,0.552908111851577,0.5325176030095575
0.009854675594383801,0.012142216604574933,0.5587726113281338,0.5414342807400224
0.009757907497525682,0.012301754352461246,0.5631052485899618,0.5354091417978428
0.0098385002623414,0.012233884673679333,0.5594968360323986,0.5379723235528813
0.009700714333624636,0.0120007295635135,0.5656659813219781,0.5467777125748536
0.009595033584698636,0.01208757997524064,0.5703976683709238,0.5434977001340712
0.009537784084805705,0.011842152358544003,0.5729609234571615,0.5527665754343479
0.009431415080888135,0.011667624229059622,0.5777234260260866,0.5593578445439724
0.009490770258188232,0.01171434003705948,0.5750658925909726,0.5575935646934388
0.00975737597462562,0.012203614493697062,0.5631290466804182,0.5391155140680686
0.009603788374502186,0.01180356443223661,0.5700056866150156,0.5542238958527
0.009709390052306137,0.011990442734395952,0.5652775398494986,0.5471662073074723
0.00975332286473798,0.012205336728635045,0.563310518213864,0.5390504717509372
0.009673720623272736,0.012016399299183318,0.5668745816675766,0.5461859257667236
0.009539879063916215,0.011853011831803404,0.5728671241074621,0.5523564540925737
0.00969537172686646,0.012033858753513947,0.565905188021989,0.545526548035808
0.009580871759609333,0.011865846862356052,0.5710317415114481,0.5518717234038721
0.00944253907683639,0.011669354559181656,0.5772253668422165,0.5592924965022756
0.00951194337341913,0.011687495024168727,0.5741179001122854,0.5586073995677199
0.009603569387138505,0.011859967518003849,0.5700154914250983,0.5520937640624641
0.009614941941505568,0.012114454485588804,0.5695063034342964,0.5424827512520918
0.00961444969327259,0.011889409644192479,0.5695283430641488,0.5509818460155447
0.009537556222612152,0.011723494238644305,0.5729711256236028,0.5572478450303244
0.00958806985753697,0.011798875030593615,0.5707094581524885,0.5544009968637715
0.009632323424072194,0.01203591672425892,0.5687280752632454,0.5454488262436824
0.00961814967475008,0.011754049583410692,0.5693626822922835,0.5560938849169168
0.00947648489215719,0.011650226615740326,0.5757054970802051,0.5600148867731618
0.009570890908932941,0.011832514828529872,0.5714786181882592,0.5531305485890645
0.00967181281892945,0.011802188124319058,0.5669600005654818,0.5542758738111477
0.009757340914331359,0.012033939727440676,0.563130616449198,0.5455234899560388
0.009508545578950301,0.011707742180874017,0.5742700309426072,0.5578427408336603
0.009647140780502364,0.011985486158500527,0.5680646517520311,0.5473533984822448
0.009691233355362325,0.01202629342420463,0.5660904770083829,0.5458122619864929
0.009551916234301152,0.011782982387757336,0.5723281789940409,0.5550012020347461
0.009542580500904833,0.011990732566059495,0.5727461715731312,0.5471552614588201
0.00947522766875019,0.011770161830605816,0.5757617872538934,0.5554853861176825
0.009359014593769992,0.011550601937795559,0.5809650424104875,0.5637773350629223
0.009590156093686023,0.01198464007810363,0.5706160502549495,0.5473853517473191
0.009541141911970058,0.011627659116407176,0.5728105820991788,0.5608671760956654
0.009602309368084849,0.01190757597602429,0.5700719067694082,0.5502957721878359
0.009554777632670583,0.012045199691035376,0.5722000644439066,0.5450982436049978
0.00952087454499207,0.011749852431332327,0.5737180211438542,0.5562523955187565
0.009538201332153225,0.011797963064621698,0.5729422418723835,0.554435438378486
0.00952657509499168,0.011785480761268164,0.573462788105868,0.5549068478914062
0.009530825277223574,0.011724103285318924,0.5732724929723958,0.557224843634821
0.009574428949377945,0.011726010280028995,0.5713202080679449,0.5571528236380341
0.0095468401147917,0.012156300396506123,0.5725554541523443,0.5409023890445308
0.009486518561027344,0.011652222242693714,0.5752562555529753,0.5599395194708761
0.009526020786020065,0.011792567283268692,0.573487606406351,0.5546392166866557
0.00954591203365903,0.011770700722143387,0.5725970075054425,0.5554650342170719
0.009565945528667581,0.011965569115598571,0.5717000397053427,0.5481055900631813
0.009554181525713096,0.011844111413680873,0.5722267541825694,0.5526925893116188
0.009559648237681516,0.011818694901031653,0.5719819908696278,0.5536524751202512
0.009608090620264506,0.011669648719987089,0.5698130604199722,0.5592813871582641
0.009491899748136343,0.011497847932275018,0.5750153214792639,0.5657696548570081
0.009429041091050517,0.011777262168308454,0.5778297176362726,0.5552172331459778
0.009421701961686709,0.011624266783079712,0.5781583154529437,0.5609952917291563
0.009440231068235265,0.01162844518588267,0.5773287042477305,0.5608374892167242
0.009499554619331304,0.011906154371264343,0.5746725868254823,0.5503494608371557
0.009351329209164231,0.011630259894972114,0.581309143253591,0.5607689544997158
0.009397387811848379,0.011639213344471013,0.5792469427485045,0.5604308164856259
0.009360914947563938,0.011602796021979842,0.5808799570990508,0.5618061613856168
0.009365951643927919,0.011563189457027336,0.5806544470492346,0.5633019519431678
0.009435452552343375,0.011666760476676604,0.5775426546785196,0.5593904652133016
0.009465504058798513,0.01168774619828616,0.5761971463873677,0.5585979136687631
0.009391600667250978,0.011541091863034045,0.579506052921551,0.5641364947135241
0.009448593989580574,0.011742040695196772,0.5769542677772939,0.5565474153257923
0.009459474116445788,0.01169447535092136,0.5764671274428224,0.558343778956901
0.009393390733625223,0.011460558932037557,0.5794259055535029,0.5671779197374035
0.00943695795462929,0.011604910958351027,0.5774752526911937,0.5617262882166703
0.009409865423910578,0.011821065569736732,0.5786882775611693,0.5535629439057065
0.009474520111913546,0.011514816983051734,0.5757934669832137,0.5651287978184627
0.009472224920794728,0.011792624081260016,0.5758962305063919,0.5546370716407723
0.009468638867388428,0.011674272593282528,0.5760567903305024,0.559106760905699
0.009432058583782967,0.01166897471134042,0.5776946142098915,0.5593068419224076
0.009397620732878028,0.011580336826662499,0.5792365140807423,0.562654360473979
0.009453087395143183,0.011688525138221032,0.576753082706954,0.5585684960456778
0.009426451819780947,0.011707206628869775,0.5779456481293561,0.5578629666126942
0.009346742858931547,0.01167058467671912,0.5815144897733542,0.5592460396030363
0.00944203038381868,0.011694899769101975,0.5772481427610876,0.5583277502831754
0.009473103350603324,0.011787581638274114,0.5758569002121712,0.5548275056916511
0.009398258343837819,0.011681719997314495,0.579207966066545,0.5588255005479115
0.009473996632697938,0.011833043064771192,0.5758169049305224,0.5531105990988003
0.009382286533078195,0.011668553593174749,0.5799230784298426,0.5593227459670168
0.009414033710341108,0.011838715211647817,0.5785016491816387,0.5528963835072873
0.00947463022809859,0.011754657452897782,0.5757885367065838,0.5560709279793459
0.009382261140467417,0.011579803362131427,0.5799242153435074,0.5626745074170254
0.009552902922923408,0.011867348855849858,0.5722840015840327,0.5518149987753105
0.009344037056070223,0.011528719897649095,0.581635637782675,0.564603737177579
0.009377166454155284,0.011504674926051209,0.5801523218008002,0.5655118250543194
0.009344409868485393,0.01153711298991873,0.5816189457011515,0.5642867617423037
0.009382670717108361,0.011606094445075158,0.5799058772023871,0.5616815923873535
0.00943370490633859,0.011694895609087822,0.5776209027421548,0.558327907391218
0.009394264918783198,0.011554700613189904,0.5793867653067464,0.5636225435539723
0.009405835970920696,0.011700793224342946,0.5788686898947335,0.5581051767095427
0.009418859997255698,0.011732570816969727,0.5782855598794683,0.5569050569049133
0.009334591944526203,0.011536648323502386,0.5820585275939497,0.5643043104400718
0.00934487771614519,0.011530761244985593,0.5815979985680622,0.564526643188886
0.00933015825509854,0.011611333709293847,0.5822570389695516,0.5614837251409455
0.009383522444937424,0.01165172337371557,0.5798677424467295,0.5599583598703871
0.009402530838451158,0.01169305248809106,0.5790166719317658,0.5583975151187925
0.009411778759652415,0.011705152231841036,0.5786026110037126,0.557940553439038
0.009420558993701656,0.011643136995417578,0.5782094900222687,0.5602826349898553
