mse_train,mse_test,r2_test,rmse_train,rmse_test
0.01020974247147244,0.012276881299771072,0.5363485031738179,0.10104327029284256,0.11080108889253333
0.010481016007129852,0.0124938025646108,0.5281562052538042,0.10237683335173955,0.11177567966517046
0.010500082067266148,0.012535620110802488,0.5265769142749352,0.10246990810606862,0.11196258353040309
0.010564163993918099,0.012640256884253905,0.5226251780441129,0.10278211903788566,0.11242889701608703
0.01068100190526789,0.0127428903562062,0.5187490989542192,0.10334893277275721,0.11288441148451897
0.010622065247971185,0.012862732748779887,0.5142231038465646,0.10306340401893965,0.11341398832939387
0.010670286138446729,0.012953435743005495,0.5107975938972174,0.10329707710505041,0.1138131615543892
0.010651397179896667,0.012892982489133084,0.5130806852590666,0.10320560633946524,0.11354726984447087
0.010657125641612001,0.012891136257599653,0.513150410459878,0.10323335527634468,0.11353913976069949
0.010623181179505267,0.012843985727616207,0.5149311081199083,0.10306881768752986,0.11333130956455152
0.010658999628800637,0.012947669742256723,0.5110153539954533,0.10324243133906058,0.11378782774206002
0.010528662503151074,0.012725171112155605,0.5194182879629001,0.10260927103898104,0.11280590016553037
0.010527898071303386,0.012729501732209847,0.5192547367790687,0.10260554600655554,0.11282509353955728
0.01049772885238083,0.012734344059825162,0.5190718603308778,0.10245842499463297,0.11284655094341679
0.01041741428389573,0.012665669964952133,0.5216654218473239,0.1020657351117197,0.11254185872355287
0.010280693642205291,0.012458851665415669,0.529476168877428,0.10139375543989526,0.11161922623551764
0.010308714757155205,0.012442877307787165,0.530079460107867,0.10153184109999781,0.11154764590876477
0.01025186577207072,0.012369826904103107,0.5328382983001448,0.1012514976287794,0.11121972353905177
0.010238056982385342,0.012384737444015316,0.5322751834520025,0.10118328410555442,0.11128673525634272
0.010278533613290284,0.012458936232717974,0.5294729750894178,0.10138310319422209,0.11161960505537534
0.010286380834969232,0.012445596584059753,0.529976763300487,0.10142179664632861,0.11155983409838754
0.010297920399821265,0.012447538154487849,0.529903437509254,0.10147866967900823,0.1115685356831748
0.010300501920001497,0.012442868371346328,0.5300797976035281,0.10149138840316205,0.11154760585214873
0.010301355897286087,0.012441880375328162,0.530117110486295,0.10149559545756696,0.1115431771796382
0.010310121665082493,0.012454264236561631,0.529649418760914,0.1015387692710646,0.11159867488712234
0.010294625440037154,0.01242266924455831,0.5308426424287869,0.10146243363943698,0.11145702869069456
0.010274266059315675,0.012420729551308239,0.5309158973260868,0.10136205433650047,0.11144832682148369
0.010259035681558644,0.012367896752900556,0.5329111928303037,0.10128689787706327,0.11121104600218701
0.010246015835071726,0.012354714552168631,0.533409034827109,0.10122260535607511,0.11115176360350128
0.01020350331853089,0.012295023515985614,0.5356633401020063,0.1010123919057998,0.11088292707168951
0.010233962129163394,0.0123653968823039,0.5330056035129282,0.1011630472512735,0.11119980612529817
0.01029497378550852,0.012475142332317148,0.5288609318389051,0.10146415024780191,0.1116921766835849
0.010324502267596306,0.012462885265771648,0.529323835007206,0.10160955795394597,0.11163729334667537
0.010226649047887431,0.01227885777120669,0.5362738593031815,0.10112689576906547,0.11081000754086559
0.010210859937541616,0.012225679629639778,0.5382821971158467,0.10104879978278622,0.11056979528623438
0.010149542641691881,0.012138533645767715,0.5415733722016094,0.10074493854130778,0.11017501370895179
0.010157620088766368,0.01214725166143741,0.541244125635164,0.10078501916835839,0.11021457100328164
0.010167347280022651,0.012157673810555894,0.5408505203765532,0.10083326474940028,0.11026184204227632
0.010201100401657177,0.012191496946211067,0.5395731481277746,0.10100049703668382,0.11041511194673974
0.010214945740789011,0.012174480266816006,0.5402158039195739,0.10106901474135885,0.11033802729257038
0.010223469711928015,0.012196633495259835,0.5393791600458806,0.10111117501012445,0.11043836966951222
0.010218259169485088,0.012188760299110899,0.5396765009657873,0.10108540532384033,0.11040271871249774
0.010189167707947972,0.01212904993692057,0.5419315361110808,0.10094140730120604,0.1101319660086052
0.010203114158747242,0.012138571004838101,0.5415719612904439,0.1010104655901914,0.1101751832530271
0.010215197200654596,0.012162843157037391,0.5406552936593408,0.10107025873447933,0.11028528078142337
0.010240495731696213,0.012245202552318023,0.5375448899690913,0.10119533453522556,0.11065804332409833
0.010226656133191105,0.012223880959535152,0.5383501261008995,0.1011269308008065,0.11056166134576285
0.010209044897216756,0.012176778810164724,0.5401289966076737,0.1010398183748207,0.11034844271744267
0.01025506621305813,0.012256845968925702,0.5371051620441807,0.10126730080859335,0.11071064072132228
0.01023730680147176,0.012247233620774504,0.5374681841749234,0.10117957699788906,0.1106672201727978
0.010244230788259907,0.012239337308081176,0.5377663981195134,0.10121378754033418,0.11063153848736433
0.010256107681531505,0.012239626681169223,0.5377554695895279,0.1012724428535794,0.1106328463032983
0.010304937304250882,0.012332118471536547,0.5342624035574614,0.10151323708881951,0.11105007191144249
0.010304894571307503,0.012329891689125556,0.5343465007294346,0.10151302660894071,0.111040045430131
0.010316727610227323,0.012378522517643938,0.532509897777603,0.10157129323892318,0.11125880871932764
0.010319062936014894,0.012369125052432406,0.5328648045902786,0.10158278858160419,0.11121656824606847
0.01032901774644818,0.012383817699422027,0.5323099187359043,0.10163177527942814,0.11128260286056409
0.010317850704238655,0.012368237268753588,0.5328983328310013,0.10157682168801431,0.11121257693603538
0.010322325440342712,0.012381375266957876,0.5324021601969275,0.10159884566442039,0.11127162831089459
0.010292109475670275,0.012319661743593495,0.5347328471836011,0.10145003437983781,0.11099397165429073
0.010294640957428507,0.01232340291613643,0.5345915572088054,0.10146251010806162,0.11101082341887403
0.010289968280038588,0.012331401923723962,0.5342894648654386,0.1014394808742562,0.11104684562707741
0.010298674642122628,0.012344056481869418,0.5338115499387931,0.10148238587125663,0.11110380948405603
0.010302760936389824,0.012335469962134558,0.5341358303997983,0.10150251689682294,0.11106516088375579
0.01031015323913814,0.01235549700747858,0.5333794844415674,0.10153892474877868,0.11115528330888541
0.010303589587809732,0.012329442057450861,0.5343634816217233,0.10150659874022837,0.11103802077419636
0.010296267640134384,0.012316559746431135,0.5348499979153187,0.1014705259675655,0.11097999705546552
0.010299731026557759,0.012317891314585898,0.5347997096089478,0.10148759050523251,0.11098599602916531
0.010294320944973722,0.012308319322674392,0.5351612076367459,0.10146093309729476,0.11094286512739066
0.010310172303322174,0.012325012470478076,0.534530770412753,0.10153901862497083,0.11101807272006696
0.01030896995064391,0.012311345819465018,0.5350469082692724,0.10153309780876338,0.11095650417828158
0.01030888808721879,0.012326174109444855,0.534486899690819,0.10153269467131654,0.11102330435293689
0.010327282695200187,0.012355796285457521,0.5333681818412153,0.10162323895251611,0.11115662951645089
0.010339137025069422,0.012391548184818236,0.5320179674628059,0.10168154712173405,0.1113173310173139
0.01033550011588281,0.012381136544244439,0.5324111758533234,0.10166366172769309,0.11127055560319828
0.01032914850678873,0.012383298734429797,0.5323295180860628,0.10163241858181242,0.11128027109254271
0.010321220937928555,0.012373403948779114,0.5327032068157729,0.10159340991387461,0.11123580335835721
0.01031622151296102,0.01236750753136719,0.5329258922594288,0.10156880186829527,0.11120929606542426
0.010311826061136417,0.012356902190845093,0.5333264159663341,0.10154716175815263,0.11116160394149183
0.010308574102145545,0.012349668215781016,0.5335996159170844,0.10153114843310669,0.11112906107666444
0.010341254530462843,0.012389195432624003,0.5321068220383192,0.10169195902559279,0.11130676274433644
0.010334512909856796,0.012398953580043216,0.5317382936191959,0.10165880635663983,0.11135058859316019
0.010335563166867952,0.012403278710928759,0.5315749497405604,0.10166397182319778,0.11137000813023566
0.010338946037360837,0.012404321225462712,0.5315355778991027,0.10168060797104253,0.1113746884415966
0.010338827666155308,0.0124078081932638,0.5314038882785157,0.101680025895725,0.11139034156184188
0.010341617221766856,0.012392627792110948,0.5319771947677682,0.10169374229404116,0.11132218014443909
0.010334835863627625,0.01237348605622711,0.5327001059271812,0.10166039476427201,0.11123617242708016
0.010333598127250846,0.012362361471699704,0.5331202395215164,0.10165430697836096,0.11118615683483131
0.010354807576644118,0.01238913368759547,0.5321091539151372,0.10175857495387855,0.11130648537976334
0.010359735731494854,0.01238963319733549,0.5320902893164672,0.10178278700986161,0.1113087292054648
0.010367738056095286,0.012388976682970228,0.5321150833875923,0.10182209021668769,0.11130578009685853
0.010364677902471808,0.01237953607574078,0.5324716195115478,0.1018070621443906,0.11126336358272107
0.010358548226367493,0.012366441851101627,0.5329661389831855,0.10177695331639425,0.11120450463493656
0.010359770218661841,0.012367335880273618,0.5329323748737445,0.10178295642523773,0.11120852431479171
0.010356723518152438,0.012361076789614033,0.5331687571179177,0.10176798867105726,0.11118037951731426
0.010353414974882107,0.012352459511248708,0.5334941992163702,0.10175173204856076,0.11114161916783788
0.010334618884667066,0.012340392590658703,0.5339499212891855,0.1016593275831936,0.11108731966637192
0.010343704857131358,0.012363274388206238,0.5330857621086951,0.10170400610168391,0.11119026211052044
0.01034110676582091,0.012376818108604346,0.5325742668777935,0.101691232492388,0.11125114879678477
0.010339969965690555,0.012362231802132565,0.5331251366519383,0.101685642869043,0.1111855737140955
0.010354766368552785,0.012391906206202558,0.5320044463456196,0.10175837247397772,0.11131893911730635
0.010343899643852024,0.012390001314914188,0.5320763869041034,0.10170496371294778,0.11131038278127602
0.010318558479660095,0.01235962444797311,0.5332236065832887,0.10158030556983029,0.11117384785988614
0.010311147637914504,0.012357273428208157,0.533312395731483,0.10154382126901915,0.11116327373826373
0.010311154916010434,0.012345821463734922,0.5337448932314559,0.10154385710622989,0.11111175214051357
0.010285813869884414,0.012299510914777625,0.5354938679766377,0.10141900152281334,0.1109031600757058
0.010269291162040005,0.012282622613100319,0.5361316754262935,0.10133751113008452,0.11082699406327105
0.010262355269356031,0.012274369819934799,0.5364433522936313,0.10130328360599192,0.11078975503147752
0.010253338039963391,0.01226367141228072,0.5368473907950513,0.10125876771896541,0.11074146202882063
0.010247801100137394,0.012256244170132819,0.5371278897145308,0.10123142348173018,0.11070792279748012
0.010236232797722003,0.012240901999492999,0.5377073056270922,0.10117426944496315,0.11063860989497744
0.010236731962274991,0.012244712414296253,0.5375634006333142,0.10117673627012778,0.11065582865035287
0.01023286878769844,0.012241862944709445,0.5376710143510675,0.10115764324903205,0.11064295253069417
0.010200773660133552,0.012193400432698336,0.5395012606233294,0.10099887949939619,0.11042373129313433
0.010210709188808592,0.012208120623771286,0.5389453345328272,0.10104805385958006,0.11049036439333199
0.010207062504848062,0.012208971025447966,0.538913218069316,0.10103000794243294,0.1104942126332776
0.010197272817707062,0.012188599186975565,0.5396825855634048,0.10098154691678606,0.11040198905352913
0.010197307562915573,0.01218707657360594,0.5397400889268955,0.10098171895405411,0.11039509306851433
0.010196014993936976,0.012181034524972264,0.5399682743124586,0.10097531873649608,0.11036772410887281
0.010201464578248177,0.012176878421546411,0.5401252346615333,0.10100229986613264,0.11034889406580571
0.01019543830726169,0.01216527363387931,0.5405635037170713,0.10097246311377023,0.1102962992755392
0.01020377431353168,0.012185988798283469,0.5397811700976065,0.10101373329172465,0.11039016622092508
0.010204299138789834,0.012181907495563098,0.5399353055061924,0.10101633104993388,0.11037167886538239
0.010204561500796395,0.012186703707491083,0.539754170673558,0.10101762965342433,0.1103934042753057
0.010200546129595362,0.012182998110676524,0.5398941170872891,0.10099775309181568,0.1103766194022834
0.010193442866819835,0.012187344448602429,0.5397299722987348,0.10096258151820324,0.11039630631774973
0.010194258069174721,0.012182667421671171,0.5399066059636228,0.10096661858839644,0.11037512138915713
0.010194939164730929,0.012187206702641427,0.5397351744440875,0.10096999140700631,0.11039568244565286
0.010194503642728761,0.01218418702692199,0.5398492162054322,0.10096783469367243,0.11038200499593215
0.010189300669169019,0.012175103341204465,0.5401922727502331,0.1009420659049983,0.11034085073627295
0.010190812729794137,0.012176672422070057,0.5401330144847005,0.1009495553719487,0.11034796066112892
0.010210760905615889,0.01220236970236912,0.5391625251410229,0.10104830976130125,0.11046433678961333
0.010209842415126508,0.012195913233764578,0.5394063616056439,0.10104376485031874,0.110435108700832
0.010211951967036644,0.012200735024410927,0.5392242607613029,0.10105420311415376,0.11045693742092856
0.010202060392084066,0.012187996470472456,0.5397053478922084,0.10100524932934954,0.11039925937465547
0.010202156332871842,0.01219218612346494,0.5395471205025549,0.10100572425794412,0.1104182327492382
0.010212139336310162,0.012213962016396152,0.5387247271678184,0.10105513018303505,0.11051679517791019
0.01021260284803711,0.012212722610187894,0.5387715348651158,0.10105742351770655,0.11051118771503586
0.010219614003053826,0.012221592417028164,0.5384365557187321,0.1010921065318842,0.11055131124065495
0.010212901900484777,0.012200191637686283,0.539244782428173,0.1010589031233012,0.11045447767151083
0.010215766982882554,0.012207387110528918,0.5389730365610917,0.10107307743846802,0.11048704498957748
0.010215126425179053,0.01219503172253883,0.5394396529594745,0.10106990860379292,0.11043111754636385
0.010221686915475333,0.012207206081674157,0.5389798733380735,0.1011023586049076,0.11048622575540426
0.010214202456962416,0.012190062043264057,0.5396273389994575,0.10106533756418377,0.11040861399032259
0.010216989073786402,0.012188489285725057,0.5396867361190758,0.1010791228384299,0.1104014913202039
0.010208600072178607,0.012195134333930218,0.5394357777142842,0.1010376171145114,0.11043158213993956
0.01020945484355852,0.012192947120011096,0.5395183805335768,0.10104184699201871,0.11042167866868849
0.010209326470205615,0.012190797593794952,0.5395995600304901,0.10104121174157411,0.11041194497786438
0.010209179103709427,0.012192292269755056,0.5395431117575737,0.10104048249938946,0.11041871340382053
0.010194543398206964,0.012182584583870282,0.5399097344348882,0.10096803156547603,0.11037474613275576
0.010192728753081592,0.012178463740503919,0.5400653631445211,0.10095904492952373,0.1103560770438308
0.010189415105465019,0.01217955178732157,0.5400242717204614,0.10094263274486662,0.11036100664329575
0.010194733296246735,0.012187679895042706,0.5397173037520295,0.1009689719480531,0.11039782559019315
0.010193504995481781,0.012183497409344478,0.5398752604600148,0.10096288919935771,0.1103788811745457
0.010191159659127477,0.012180190041461116,0.5400001672691818,0.10095127368749478,0.11036389827049929
0.010187443610732426,0.012173606513727595,0.540248802277822,0.10093286685085501,0.11033406778383363
0.01018595966125444,0.012170336430596871,0.5403723009825243,0.10092551541237944,0.11031924777932847
0.010185256513773173,0.012173035209992333,0.5402703782648768,0.10092203185515625,0.11033147878095505
0.010182745250950387,0.012168786163594708,0.5404308487194034,0.10090958948955439,0.11031222127939727
0.010183362861793213,0.012167390265964402,0.540483566507407,0.10091264966193887,0.11030589406720025
0.010196607630513353,0.012191891748568572,0.5395582379319734,0.10097825325540818,0.11041689974169974
0.010191077129491905,0.012189118697109253,0.5396629656253098,0.10095086492691335,0.11040434183993514
0.010194256325566965,0.012191191591982937,0.5395846802051383,0.1009666099538207,0.11041372918248409
0.010189564656673474,0.012190734465478833,0.5396019441488624,0.10094337351541939,0.11041165910119652
0.010192146999405204,0.012194034699079127,0.5394773067746557,0.1009561637514283,0.11042660322168353
0.010189573829439996,0.012189621890345077,0.5396439619148978,0.10094341895061805,0.11040662068166508
0.010174827690055418,0.01216735080047727,0.5404850569699874,0.10087035089685878,0.11030571517594757
0.010185351618311763,0.012171771610665839,0.5403180996449906,0.10092250303233548,0.11032575225515501
0.010186605627851708,0.012168594470463645,0.5404380882458741,0.1009287155761516,0.11031135240973
0.010174343770641855,0.012154880125784405,0.5409560273122589,0.10086795214854842,0.11024917290294928
0.010161736580592561,0.012143773541438186,0.5413754811076497,0.10080543924110723,0.11019879101622751
0.010161731571526446,0.012142758871009254,0.541413801382292,0.10080541439588672,0.11019418710172173
0.010156909945213255,0.012145470327881115,0.5413113998841819,0.1007814960457189,0.11020648949985257
0.010159714800432987,0.012151762876914739,0.5410737540434302,0.10079541061195688,0.11023503470727779
0.010163207677583387,0.012151540239500921,0.5410821622187352,0.1008127356913966,0.11023402487209165
0.010159819159840955,0.01214548198685567,0.5413109595686919,0.10079592828999073,0.11020654239588351
0.010165207919482194,0.012153124368714368,0.5410223356338684,0.10082265578471038,0.11024120993854507
0.010169047252210156,0.012165873502460392,0.5405408489435399,0.10084169401695985,0.11029901859246252
0.010167352106433648,0.012159228908969944,0.540791790175472,0.10083328868203024,0.11026889365986195
0.010173581940369788,0.012164871676405072,0.5405786841346415,0.10086417570361535,0.11029447708931336
0.010171096136213576,0.012158780547172211,0.540808723109298,0.10085185241835459,0.11026686060268612
0.010175707920467833,0.012167230853027334,0.5404895869327153,0.10087471397960855,0.11030517147000558
0.01017435407882513,0.012165515827529082,0.5405543569765028,0.10086800324595074,0.11029739719290334
0.010175294017480102,0.012159267478314442,0.5407903335568185,0.10087266238917313,0.1102690685474147
0.010180756263784493,0.012172274429530216,0.540299110073176,0.10089973371513174,0.11032803102353551
0.010185853824275027,0.012184180627185369,0.5398494578993438,0.10092499107889495,0.11038197600688877
0.010193877647710067,0.012189033193973077,0.5396661947562351,0.10096473467359812,0.11040395461202047
0.010196749550990886,0.01219566288956266,0.5394158161618221,0.10097895598089181,0.11043397525020396
0.010192921624339222,0.012182580569096959,0.5399098860577325,0.10096000012053893,0.11037472794574381
0.01019609321283172,0.012190694194477244,0.5396034650326855,0.10097570605265269,0.11041147673352279
0.010194734419288263,0.012194693218409453,0.5394524369835629,0.10096897750937296,0.11042958488742703
0.010189778469771522,0.012190227895595925,0.5396210753824977,0.10094443258432592,0.1104093650719717
0.010189167094930823,0.012189088755479345,0.539664096407728,0.10094140426470607,0.11040420623997686
0.010189522870045122,0.012190912982869692,0.5395952022203987,0.10094316653466505,0.11041246751553781
0.01018652156363965,0.01218519183396854,0.5398112684335366,0.10092829912189964,0.1103865564005352
0.010184305683368956,0.012192714899903874,0.5395271506110644,0.10091732102750725,0.11042062714866219
0.010191201887769065,0.012197286831087608,0.5393544860161266,0.10095148284086304,0.1104413275503677
0.010193747393451883,0.012201329182939268,0.5392018216349246,0.10096408962325111,0.110459626936448
0.01019350765185928,0.012201515927581556,0.5391947689942085,0.10096290235457417,0.11046047224044245
0.010203421699835282,0.012221558829583212,0.538437824189832,0.10101198790161137,0.11055115933170132
0.010205907854207542,0.012222575199331981,0.5383994397382894,0.1010242933863313,0.11055575606603205
0.010211511164557268,0.012229319489550665,0.538144733337,0.10105202207060118,0.11058625361929332
0.010210539093354195,0.012223106471634278,0.5383793755874544,0.10104721219981379,0.11055815877462087
0.010208560926144169,0.012219381611724926,0.538520049495613,0.1010374233942264,0.11054131178760693
0.010209144478374814,0.012220284698803333,0.5384859433032143,0.10104031115537408,0.11054539655183898
0.010212579178199052,0.012229199122938383,0.5381492791299085,0.1010573064068059,0.11058570939745507
0.010225498441076624,0.012256194770511528,0.5371297553518858,0.1011212066832503,0.11070769968936907
0.010217817021578868,0.012234128083046776,0.5379631308992422,0.10108321829848349,0.11060799285335024
0.010222052664137839,0.012232737324759817,0.5380156545936339,0.1011041673925355,0.11060170579498228
0.010222158535543547,0.012233639235107138,0.5379815928419294,0.10110469096705428,0.11060578300933066
0.010220991915547307,0.012229839318927372,0.5381251013423004,0.10109892143612269,0.11058860392882881
0.010214139290260412,0.012218192028552611,0.5385649755647812,0.10106502505941614,0.11053593093900559
0.010207423191416438,0.01221233573381891,0.5387861457262283,0.10103179297338258,0.11050943730658894
0.010205641177423052,0.012200146131139662,0.5392465010387828,0.10102297351307302,0.11045427167447922
0.010203017608951894,0.012202690950572295,0.5391503928081758,0.10100998766929879,0.11046579086111816
0.010201572104400869,0.012201549555287157,0.5391934990026157,0.10100283216029572,0.11046062445635167
0.010201619755367295,0.012200671274609888,0.5392266683508162,0.10100306804927905,0.11045664884745458
0.010198637457073874,0.012206811761520237,0.5389947653228642,0.10098830356567969,0.11048444126446147
0.010198654169612473,0.01220630065891107,0.5390140677404722,0.10098838631056778,0.11048212823308153
0.010201724791492046,0.012209593481510243,0.5388897102518226,0.10100358801296143,0.11049702928816793
0.01020579642681201,0.012216245004151645,0.5386385073319966,0.10102374189670471,0.11052712338675807
0.010203407946722707,0.01220733135804147,0.5389751421222375,0.10101191982495288,0.11048679268601053
0.010203418258340315,0.01220747472132281,0.5389697278318848,0.10101197086652806,0.1104874414642805
0.01020847851647899,0.012212822523141185,0.5387677615297536,0.10103701557587194,0.1105116397631543
0.01020694778150462,0.012213631289869338,0.5387372174611962,0.10102944017218259,0.11051529889508212
0.010207612759772017,0.012213473471125178,0.5387431776798519,0.10103273113091626,0.11051458487966725
0.010207259771631566,0.012210374185756686,0.5388602259973443,0.10103098421589075,0.11050056192507206
0.010194893505005244,0.012202344359316398,0.5391634822525273,0.10096976530132792,0.11046422207808462
0.010192514087634877,0.012194225868937291,0.5394700870102284,0.10095798179259963,0.1104274688152241
0.010186889515933429,0.012186270716349576,0.5397705231156784,0.10093012194549965,0.11039144313011573
0.010186333153044956,0.01218164689378777,0.5399451474522254,0.10092736572924588,0.1103704982945523
0.010187662538736183,0.012194537516378575,0.5394583172619425,0.10093395136789296,0.11042887990185618
0.01019501387133357,0.012202392163653614,0.5391616768630343,0.10097036135091114,0.11046443845715061
0.010193098087872644,0.012195445497412482,0.5394240262433051,0.1009608740447142,0.11043299098282398
0.01018689042407489,0.01218891399861601,0.5396706963152523,0.10093012644436195,0.11040341479599265
0.010188275166474962,0.012190781378024464,0.5396001724389737,0.10093698611745332,0.11041187154479569
0.010196567560251902,0.012211463529717267,0.538819085585089,0.10097805484486172,0.11050549094826585
0.010194416316053364,0.01220556263846674,0.5390419399887532,0.10096740224475106,0.11047878818337364
0.010194809989987733,0.012207073823682352,0.538984868223531,0.10096935173599825,0.11048562722672281
0.010195800041171448,0.012216867962973036,0.538614980527188,0.10097425434818248,0.11052994147728948
0.010197367099315393,0.012228070488314237,0.5381919034023177,0.10098201374163318,0.11058060629384447
0.010197009674985442,0.012224054850716256,0.5383435588869276,0.10098024398359039,0.1105624477420623
0.010193797379540032,0.01222392265992616,0.5383485512344299,0.10096433716684339,0.11056184992992005
0.01019141701458746,0.012223259536514914,0.5383735949042918,0.1009525483313198,0.11055885100938284
0.010190360538025826,0.012220976520949946,0.5384598157903726,0.10094731565537454,0.11054852563896972
0.010188899531601904,0.012218450816241145,0.5385552021299636,0.10094007891616642,0.11053710153718137
0.010193762324950941,0.012232253549624273,0.5380339249556456,0.10096416356782709,0.11059951875855642
0.01019773042730499,0.012237205870659185,0.537846894470905,0.10098381269938757,0.11062190502183183
0.010197359776243609,0.012235602396931935,0.5379074516250884,0.10098197748233895,0.11061465724275393
0.01019659650958305,0.012236360494202372,0.5378788211508176,0.10097819818942627,0.11061808393839757
