32;85;10;38
20;307;9;42
13;562;5;47
13;562;5;55
5;391;5;43
7;2175;3;32
35;623;7;40
20;288;6;47
32;5512;1;19
18;1783;3;22
35;405;1;41
6;90;9;58
13;492;5;39
20;2470;4;24
13;1165;4;34
36;579;2;51
0;293;6;70
18;351;1;37
17;368;8;42
2;23;7;48
5;2276;3;29
11;279;7;52
15;1360;1;25
10;279;7;48
40;481;4;39
29;1488;2;27
3;384;5;56
10;276;5;34
19;557;4;47
7;451;5;57
26;4520;0;22
30;769;7;25
38;489;1;34
17;324;6;49
15;205;7;55
14;4079;0;27
15;1935;2;23
12;1360;1;25
3;578;6;48
16;289;5;46
14;4082;0;16
17;4067;0;18
36;519;5;35
34;513;6;34
3;533;4;54
37;489;8;38
22;464;9;42
36;641;3;62
24;4606;0;13
29;4510;1;13
22;513;4;44
31;1758;1;21
32;1439;3;27
13;492;5;39
16;289;5;52
32;1161;0;14
34;371;8;42
4;56;7;54
30;4510;1;23
13;336;5;42
11;1931;2;21
5;260;6;63
17;2176;3;28
3;533;4;55
18;996;0;25
40;124;8;44
1;194;6;51
9;105;5;57
30;464;6;36
13;562;5;42
7;90;9;59
36;641;3;41
33;425;8;36
14;4082;0;20
7;380;10;54
12;1360;1;30
36;616;3;37
21;2185;3;26
38;552;2;30
18;1415;1;27
12;533;4;40
31;378;6;37
13;151;7;48
25;2707;3;18
15;383;7;44
0;339;9;51
2;1456;1;27
17;4067;0;18
9;1406;0;48
23;3948;0;25
0;274;1;45
9;1402;0;43
21;2470;4;22
32;1146;0;16
41;168;5;41
8;105;5;52
6;90;9;60
28;617;3;35
16;289;5;51
6;90;9;62
18;965;4;38
13;170;1;33
1;194;6;54
0;208;6;46
33;392;6;31
0;293;6;71
17;190;8;47
12;1360;1;27
31;593;2;34
4;2147;3;28
8;105;5;52
33;197;7;39
10;2102;3;23
15;393;6;8
31;144;8;53
21;738;2;46
31;6396;1;12
14;4197;0;13
25;1584;3;31
17;289;5;60
13;492;5;31
14;492;5;48
32;415;4;33
0;185;0;46
10;279;7;57
1;194;6;49
39;805;4;63
4;384;5;55
41;125;6;61
39;217;7;41
30;536;8;38
4;2147;3;31
27;483;5;38
18;373;8;40
33;187;6;42
19;1009;0;21
11;391;5;47
14;319;6;47
10;942;0;44
13;492;5;43
16;289;5;51
5;1560;3;29
20;641;5;38
14;492;5;40
12;1360;1;28
2;451;5;46
0;185;0;52
3;490;8;43
16;3781;0;45
35;179;8;40
36;171;7;49
5;388;9;45
12;1360;1;29
7;376;6;41
17;4067;0;21
14;4082;0;16
31;1265;0;18
16;816;4;36
12;391;5;39
16;816;4;37
4;50;8;58
19;616;3;40
16;4067;0;12
9;105;5;56
0;185;0;55
14;1237;1;31
0;293;6;74
28;330;8;43
28;515;5;37
8;1963;1;24
24;4528;0;14
4;384;5;59
7;90;9;58
41;402;4;35
4;432;7;45
30;472;3;37
14;4574;0;19
33;181;9;42
13;1144;4;37
14;439;1;43
27;4449;0;16
12;202;8;56
14;2147;3;24
17;4082;0;19
14;2615;0;22
31;1447;3;22
21;2185;3;26
9;3078;0;22
35;190;8;44
16;4067;0;21
35;617;8;42
13;750;2;38
44;58;7;43
10;421;5;49
15;3772;0;29
15;461;5;35
23;708;2;37
34;127;8;48
34;158;7;39
18;452;8;32
17;996;0;26
13;562;5;46
38;643;3;32
16;289;5;46
18;1415;1;27
13;1450;3;21
22;380;10;44
39;665;3;34
12;1360;1;26
35;176;8;41
5;391;5;52
0;274;1;44
18;1806;2;31
6;90;9;58
18;1783;3;21
19;384;8;48
38;591;1;40
28;373;6;41
14;492;5;44
29;530;8;40
37;187;9;78
9;1402;0;39
31;431;10;49
9;1402;0;42
35;325;6;46
1;194;6;49
17;4082;0;13
32;265;8;40
12;3171;0;47
31;1156;0;19
4;2147;3;33
16;4075;0;15
27;4413;1;17
40;333;9;32
8;2217;4;24
13;251;7;39
4;374;10;62
13;733;0;39
13;733;0;41
18;838;0;30
11;1713;2;29
14;251;7;41
2;2077;3;33
33;204;8;48
5;1560;3;22
8;640;5;41
16;390;6;41
22;1055;0;23
19;1009;0;22
18;6306;1;15
39;425;7;30
32;1159;0;14
6;90;9;53
30;1736;2;26
1;330;5;52
32;5512;1;17
15;339;1;27
17;444;1;44
0;293;6;63
18;838;0;29
17;1485;4;31
16;2288;3;24
16;289;5;53
4;2147;3;32
33;494;7;41
16;816;4;38
18;1783;3;24
35;483;5;41
17;391;5;40
18;838;0;23
11;253;1;118
18;452;8;27
13;492;5;41
13;170;1;29
28;394;7;41
2;23;7;50
19;461;5;34
21;2185;3;28
0;208;6;44
3;1554;3;31
2;184;6;45
5;388;9;45
2;1456;1;26
34;1979;2;24
15;383;7;34
30;718;3;55
6;90;9;56
19;461;5;33
17;324;6;51
14;289;5;45
38;490;0;37
3;56;7;54
18;396;5;25
13;383;7;43
26;336;6;38
18;2180;3;22
13;1144;4;34
35;567;4;29
17;4082;0;17
33;122;10;46
3;156;4;37
38;462;0;36
17;2288;3;23
38;440;0;38
20;1626;3;29
16;289;5;55
14;170;1;50
10;3080;0;25
16;289;5;53
30;1265;0;19
16;1643;2;25
21;538;4;42
35;319;9;78
8;105;5;43
4;578;6;42
16;1756;2;27
13;251;7;42
16;753;2;38
7;380;10;50
35;273;5;27
14;4197;0;19
17;965;4;38
13;187;1;33
29;197;6;43
12;1713;2;31
37;489;8;38
4;56;7;62
4;757;3;37
16;1498;3;24
14;4197;0;19
32;1157;0;13
26;4520;0;16
40;618;2;40
8;105;5;38
30;1013;5;23
27;338;6;37
5;1867;2;36
31;601;5;31
32;258;9;36
2;330;5;50
34;271;0;43
13;750;2;37
6;90;9;54
34;563;8;47
35;3085;0;41
0;185;0;38
13;1713;2;31
17;6488;1;11
5;260;6;54
8;105;5;47
13;492;5;42
4;2180;3;29
18;2675;3;26
4;2147;3;31
12;1360;1;30
4;384;5;61
10;211;1;45
0;339;9;45
1;194;6;45
6;2409;0;25
33;87;10;47
41;281;8;63
17;967;4;40
32;110;10;48
35;614;7;33
17;2261;4;30
14;1802;1;25
15;1828;2;21
18;351;1;43
20;2185;3;23
16;289;5;42
4;313;5;52
34;158;7;42
0;274;1;52
5;391;5;50
22;1158;0;24
15;1717;2;31
4;50;8;57
37;588;8;37
0;293;6;70
14;289;5;53
8;133;9;47
16;3530;0;29
29;506;4;40
16;4067;0;13
18;83;10;47
0;185;0;55
16;2104;3;26
10;2252;4;27
41;122;8;68
33;378;9;39
6;1940;1;31
43;444;6;35
17;967;4;40
33;4136;1;25
21;513;4;43
37;919;1;32
13;1165;4;32
15;1717;2;23
13;170;1;37
27;483;5;36
8;2175;3;28
13;187;1;29
31;162;9;40
16;289;5;41
23;131;6;37
2;372;7;41
5;2409;0;22
19;2176;3;28
14;4082;0;15
6;90;9;50
19;391;7;41
8;105;5;53
7;90;9;64
